Game Code,Full Hyperlink,Home,Away,Home Short,Away Short,Home Tipper,Away Tipper,First Scorer,Tipoff Winning Team,Tipoff Losing Team,Possession Gaining Player,Possession Gaining Player Link,First Scoring Team,Scored Upon Team,Tipoff Winner,Tipoff Winner Link,Tipoff Loser,Tipoff Loser Link,Tipoff Winner Scores
202012220LAL,https://www.basketball-reference.com/boxscores/pbp/202012220LAL.html,Los Angeles Lakers,Los Angeles Clippers,LAL,LAC,A. Davis,S. Ibaka,P. Beverley,LAL,LAC,L. James,/players/j/jamesle01.html,LAC,LAL,A. Davis,/players/d/davisan02.html,S. Ibaka,/players/i/ibakase01.html,0
202012230CLE,https://www.basketball-reference.com/boxscores/pbp/202012230CLE.html,Cleveland Cavaliers,Charlotte Hornets,CLE,CHO,A. Drummond,C. Zeller,C. Sexton,CHO,CLE,T. Rozier,/players/r/roziete01.html,CLE,CHO,C. Zeller,/players/z/zelleco01.html,A. Drummond,/players/d/drumman01.html,0
202012230IND,https://www.basketball-reference.com/boxscores/pbp/202012230IND.html,Indiana Pacers,New York Knicks,IND,NYK,M. Turner,M. Robinson,V. Oladipo,IND,NYK,D. Sabonis,/players/s/sabondo01.html,IND,NYK,M. Turner,/players/t/turnemy01.html,M. Robinson,/players/r/robinmi01.html,1
202012230ORL,https://www.basketball-reference.com/boxscores/pbp/202012230ORL.html,Orlando Magic,Miami Heat,ORL,MIA,,,,,,,,,,,,
202012230PHI,https://www.basketball-reference.com/boxscores/pbp/202012230PHI.html,Philadelphia 76ers,Washington Wizards,PHI,WAS,J. Embiid,T. Bryant,B. Beal,PHI,WAS,S. Curry,/players/c/curryse01.html,WAS,PHI,J. Embiid,/players/e/embiijo01.html,T. Bryant,/players/b/bryanth01.html,0
202012230TOR,https://www.basketball-reference.com/boxscores/pbp/202012230TOR.html,Toronto Raptors,New Orleans Pelicans,TOR,NOP,A. Baynes,S. Adams,B. Ingram,NOP,TOR,L. Ball,/players/b/balllo01.html,NOP,TOR,S. Adams,/players/a/adamsst01.html,A. Baynes,/players/b/baynear01.html,1
202012230BOS,https://www.basketball-reference.com/boxscores/pbp/202012230BOS.html,Boston Celtics,Milwaukee Bucks,BOS,MIL,T. Thompson,B. Lopez,T. Thompson,MIL,BOS,G. Antetokounmpo,/players/a/antetgi01.html,BOS,MIL,B. Lopez,/players/l/lopezbr01.html,T. Thompson,/players/t/thomptr01.html,0
202012230CHI,https://www.basketball-reference.com/boxscores/pbp/202012230CHI.html,Chicago Bulls,Atlanta Hawks,CHI,ATL,W. Carter,J. Collins,L. Markkanen,CHI,ATL,L. Markkanen,/players/m/markkla01.html,CHI,ATL,W. Carter,/players/c/cartewe01.html,J. Collins,/players/c/collijo01.html,1
202012230MEM,https://www.basketball-reference.com/boxscores/pbp/202012230MEM.html,Memphis Grizzlies,San Antonio Spurs,MEM,SAS,J. Valančiūnas,L. Aldridge,J. Valančiūnas,MEM,SAS,G. Allen,/players/a/allengr01.html,MEM,SAS,J. Valančiūnas,/players/v/valanjo01.html,L. Aldridge,/players/a/aldrila01.html,1
202012230MIN,https://www.basketball-reference.com/boxscores/pbp/202012230MIN.html,Minnesota Timberwolves,Detroit Pistons,MIN,DET,K. Towns,M. Plumlee,D. Wright,MIN,DET,J. Okogie,/players/o/okogijo01.html,DET,MIN,K. Towns,/players/t/townska01.html,M. Plumlee,/players/p/plumlma01.html,0
202012230DEN,https://www.basketball-reference.com/boxscores/pbp/202012230DEN.html,Denver Nuggets,Sacramento Kings,DEN,SAC,N. Jokić,M. Bagley,G. Harris,DEN,SAC,J. Murray,/players/m/murraja01.html,DEN,SAC,N. Jokić,/players/j/jokicni01.html,M. Bagley,/players/b/baglema01.html,1
202012230POR,https://www.basketball-reference.com/boxscores/pbp/202012230POR.html,Portland Trail Blazers,Utah Jazz,POR,UTA,J. Nurkić,R. Gobert,C. McCollum,POR,UTA,D. Lillard,/players/l/lillada01.html,POR,UTA,J. Nurkić,/players/n/nurkiju01.html,R. Gobert,/players/g/goberru01.html,1
202012230PHO,https://www.basketball-reference.com/boxscores/pbp/202012230PHO.html,Phoenix Suns,Dallas Mavericks,PHO,DAL,D. Ayton,D. Powell,D. Booker,PHO,DAL,J. Crowder,/players/c/crowdja01.html,PHO,DAL,D. Ayton,/players/a/aytonde01.html,D. Powell,/players/p/poweldw01.html,1
202012250MIA,https://www.basketball-reference.com/boxscores/pbp/202012250MIA.html,Miami Heat,New Orleans Pelicans,MIA,NOP,B. Adebayo,S. Adams,D. Robinson,MIA,NOP,M. Leonard,/players/l/leoname01.html,MIA,NOP,B. Adebayo,/players/a/adebaba01.html,S. Adams,/players/a/adamsst01.html,1
202012250MIL,https://www.basketball-reference.com/boxscores/pbp/202012250MIL.html,Milwaukee Bucks,Golden State Warriors,MIL,GSW,B. Lopez,J. Wiseman,J. Wiseman,GSW,MIL,S. Curry,/players/c/curryst01.html,GSW,MIL,J. Wiseman,/players/w/wisemja01.html,B. Lopez,/players/l/lopezbr01.html,1
202012250BOS,https://www.basketball-reference.com/boxscores/pbp/202012250BOS.html,Boston Celtics,Brooklyn Nets,BOS,BRK,T. Thompson,D. Jordan,J. Harris,BRK,BOS,K. Irving,/players/i/irvinky01.html,BRK,BOS,D. Jordan,/players/j/jordade01.html,T. Thompson,/players/t/thomptr01.html,1
202012250LAL,https://www.basketball-reference.com/boxscores/pbp/202012250LAL.html,Los Angeles Lakers,Dallas Mavericks,LAL,DAL,A. Davis,D. Powell,D. Finney-Smith,DAL,LAL,D. Finney-Smith,/players/f/finnedo01.html,DAL,LAL,D. Powell,/players/p/poweldw01.html,A. Davis,/players/d/davisan02.html,1
202012250DEN,https://www.basketball-reference.com/boxscores/pbp/202012250DEN.html,Denver Nuggets,Los Angeles Clippers,DEN,LAC,N. Jokić,S. Ibaka,N. Batum,DEN,LAC,P. Millsap,/players/m/millspa01.html,LAC,DEN,N. Jokić,/players/j/jokicni01.html,S. Ibaka,/players/i/ibakase01.html,0
202012260MEM,https://www.basketball-reference.com/boxscores/pbp/202012260MEM.html,Memphis Grizzlies,Atlanta Hawks,MEM,ATL,J. Valančiūnas,J. Collins,D. Brooks,ATL,MEM,T. Young,/players/y/youngtr01.html,MEM,ATL,J. Collins,/players/c/collijo01.html,J. Valančiūnas,/players/v/valanjo01.html,0
202012260CHO,https://www.basketball-reference.com/boxscores/pbp/202012260CHO.html,Charlotte Hornets,Oklahoma City Thunder,CHO,OKC,B. Biyombo,A. Horford,D. Bazley,OKC,CHO,G. Hill,/players/h/hillge01.html,OKC,CHO,A. Horford,/players/h/horfoal01.html,B. Biyombo,/players/b/biyombi01.html,1
202012260DET,https://www.basketball-reference.com/boxscores/pbp/202012260DET.html,Detroit Pistons,Cleveland Cavaliers,DET,CLE,M. Plumlee,A. Drummond,J. Grant,CLE,DET,C. Sexton,/players/s/sextoco01.html,DET,CLE,A. Drummond,/players/d/drumman01.html,M. Plumlee,/players/p/plumlma01.html,0
202012260WAS,https://www.basketball-reference.com/boxscores/pbp/202012260WAS.html,Washington Wizards,Orlando Magic,WAS,ORL,T. Bryant,N. Vučević,T. Bryant,WAS,ORL,D. Avdija,/players/a/avdijde01.html,WAS,ORL,T. Bryant,/players/b/bryanth01.html,N. Vučević,/players/v/vucevni01.html,1
202012260NYK,https://www.basketball-reference.com/boxscores/pbp/202012260NYK.html,New York Knicks,Philadelphia 76ers,NYK,PHI,M. Robinson,J. Embiid,B. Simmons,PHI,NYK,S. Curry,/players/c/curryse01.html,PHI,NYK,J. Embiid,/players/e/embiijo01.html,M. Robinson,/players/r/robinmi01.html,1
202012260CHI,https://www.basketball-reference.com/boxscores/pbp/202012260CHI.html,Chicago Bulls,Indiana Pacers,CHI,IND,W. Carter,M. Turner,L. Markkanen,CHI,IND,C. White,/players/w/whiteco01.html,CHI,IND,W. Carter,/players/c/cartewe01.html,M. Turner,/players/t/turnemy01.html,1
202012260SAS,https://www.basketball-reference.com/boxscores/pbp/202012260SAS.html,San Antonio Spurs,Toronto Raptors,SAS,TOR,L. Aldridge,A. Baynes,A. Baynes,TOR,SAS,F. VanVleet,/players/v/vanvlfr01.html,TOR,SAS,A. Baynes,/players/b/baynear01.html,L. Aldridge,/players/a/aldrila01.html,1
202012260UTA,https://www.basketball-reference.com/boxscores/pbp/202012260UTA.html,Utah Jazz,Minnesota Timberwolves,UTA,MIN,R. Gobert,K. Towns,R. Gobert,UTA,MIN,D. Mitchell,/players/m/mitchdo01.html,UTA,MIN,R. Gobert,/players/g/goberru01.html,K. Towns,/players/t/townska01.html,1
202012260POR,https://www.basketball-reference.com/boxscores/pbp/202012260POR.html,Portland Trail Blazers,Houston Rockets,POR,HOU,J. Nurkić,C. Wood,J. Harden,POR,HOU,D. Lillard,/players/l/lillada01.html,HOU,POR,J. Nurkić,/players/n/nurkiju01.html,C. Wood,/players/w/woodch01.html,0
202012260SAC,https://www.basketball-reference.com/boxscores/pbp/202012260SAC.html,Sacramento Kings,Phoenix Suns,SAC,PHO,M. Bagley,D. Ayton,H. Barnes,PHO,SAC,C. Paul,/players/p/paulch01.html,SAC,PHO,D. Ayton,/players/a/aytonde01.html,M. Bagley,/players/b/baglema01.html,0
202012270LAC,https://www.basketball-reference.com/boxscores/pbp/202012270LAC.html,Los Angeles Clippers,Dallas Mavericks,LAC,DAL,S. Ibaka,D. Powell,P. George,LAC,DAL,L. Kennard,/players/k/kennalu01.html,LAC,DAL,S. Ibaka,/players/i/ibakase01.html,D. Powell,/players/p/poweldw01.html,1
202012270NOP,https://www.basketball-reference.com/boxscores/pbp/202012270NOP.html,New Orleans Pelicans,San Antonio Spurs,NOP,SAS,S. Adams,L. Aldridge,K. Johnson,NOP,SAS,Z. Williamson,/players/w/willizi01.html,SAS,NOP,S. Adams,/players/a/adamsst01.html,L. Aldridge,/players/a/aldrila01.html,0
202012270WAS,https://www.basketball-reference.com/boxscores/pbp/202012270WAS.html,Washington Wizards,Orlando Magic,WAS,ORL,T. Bryant,N. Vučević,R. Neto,WAS,ORL,B. Beal,/players/b/bealbr01.html,WAS,ORL,T. Bryant,/players/b/bryanth01.html,N. Vučević,/players/v/vucevni01.html,1
202012270CHO,https://www.basketball-reference.com/boxscores/pbp/202012270CHO.html,Charlotte Hornets,Brooklyn Nets,CHO,BRK,B. Biyombo,D. Jordan,P. Washington,CHO,BRK,G. Hayward,/players/h/haywago01.html,CHO,BRK,B. Biyombo,/players/b/biyombi01.html,D. Jordan,/players/j/jordade01.html,1
202012270CLE,https://www.basketball-reference.com/boxscores/pbp/202012270CLE.html,Cleveland Cavaliers,Philadelphia 76ers,CLE,PHI,A. Drummond,D. Howard,A. Drummond,CLE,PHI,K. Love,/players/l/loveke01.html,CLE,PHI,A. Drummond,/players/d/drumman01.html,D. Howard,/players/h/howardw01.html,1
202012270NYK,https://www.basketball-reference.com/boxscores/pbp/202012270NYK.html,New York Knicks,Milwaukee Bucks,NYK,MIL,M. Robinson,B. Lopez,G. Antetokounmpo,MIL,NYK,G. Antetokounmpo,/players/a/antetgi01.html,MIL,NYK,B. Lopez,/players/l/lopezbr01.html,M. Robinson,/players/r/robinmi01.html,1
202012270IND,https://www.basketball-reference.com/boxscores/pbp/202012270IND.html,Indiana Pacers,Boston Celtics,IND,BOS,M. Turner,T. Thompson,T. Thompson,BOS,IND,J. Brown,/players/b/brownja02.html,BOS,IND,T. Thompson,/players/t/thomptr01.html,M. Turner,/players/t/turnemy01.html,1
202012270CHI,https://www.basketball-reference.com/boxscores/pbp/202012270CHI.html,Chicago Bulls,Golden State Warriors,CHI,GSW,W. Carter,J. Wiseman,A. Wiggins,GSW,CHI,K. Oubre,/players/o/oubreke01.html,GSW,CHI,J. Wiseman,/players/w/wisemja01.html,W. Carter,/players/c/cartewe01.html,1
202012270SAC,https://www.basketball-reference.com/boxscores/pbp/202012270SAC.html,Sacramento Kings,Phoenix Suns,SAC,PHO,R. Holmes,D. Ayton,R. Holmes,PHO,SAC,C. Paul,/players/p/paulch01.html,SAC,PHO,D. Ayton,/players/a/aytonde01.html,R. Holmes,/players/h/holmeri01.html,0
202012270LAL,https://www.basketball-reference.com/boxscores/pbp/202012270LAL.html,Los Angeles Lakers,Minnesota Timberwolves,LAL,MIN,M. Gasol,N. Reid,K. Kuzma,LAL,MIN,L. James,/players/j/jamesle01.html,LAL,MIN,M. Gasol,/players/g/gasolma01.html,N. Reid,/players/r/reidna01.html,1
202012280BRK,https://www.basketball-reference.com/boxscores/pbp/202012280BRK.html,Brooklyn Nets,Memphis Grizzlies,BRK,MEM,D. Jordan,J. Valančiūnas,D. Brooks,MEM,BRK,G. Allen,/players/a/allengr01.html,MEM,BRK,J. Valančiūnas,/players/v/valanjo01.html,D. Jordan,/players/j/jordade01.html,1
202012280ATL,https://www.basketball-reference.com/boxscores/pbp/202012280ATL.html,Atlanta Hawks,Detroit Pistons,ATL,DET,C. Capela,M. Plumlee,J. Jackson,ATL,DET,T. Young,/players/y/youngtr01.html,DET,ATL,C. Capela,/players/c/capelca01.html,M. Plumlee,/players/p/plumlma01.html,0
202012280OKC,https://www.basketball-reference.com/boxscores/pbp/202012280OKC.html,Oklahoma City Thunder,Utah Jazz,OKC,UTA,A. Horford,R. Gobert,L. Dort,OKC,UTA,G. Hill,/players/h/hillge01.html,OKC,UTA,A. Horford,/players/h/horfoal01.html,R. Gobert,/players/g/goberru01.html,1
202012280DEN,https://www.basketball-reference.com/boxscores/pbp/202012280DEN.html,Denver Nuggets,Houston Rockets,DEN,HOU,N. Jokić,C. Wood,N. Jokić,DEN,HOU,J. Murray,/players/m/murraja01.html,DEN,HOU,N. Jokić,/players/j/jokicni01.html,C. Wood,/players/w/woodch01.html,1
202012280LAL,https://www.basketball-reference.com/boxscores/pbp/202012280LAL.html,Los Angeles Lakers,Portland Trail Blazers,LAL,POR,A. Davis,J. Nurkić,L. James,POR,LAL,D. Jones,/players/j/jonesde02.html,LAL,POR,J. Nurkić,/players/n/nurkiju01.html,A. Davis,/players/d/davisan02.html,0
202012290CLE,https://www.basketball-reference.com/boxscores/pbp/202012290CLE.html,Cleveland Cavaliers,New York Knicks,CLE,NYK,A. Drummond,M. Robinson,A. Drummond,CLE,NYK,C. Sexton,/players/s/sextoco01.html,CLE,NYK,A. Drummond,/players/d/drumman01.html,M. Robinson,/players/r/robinmi01.html,1
202012290DET,https://www.basketball-reference.com/boxscores/pbp/202012290DET.html,Detroit Pistons,Golden State Warriors,DET,GSW,M. Plumlee,J. Wiseman,S. Curry,GSW,DET,J. Toscano-Anderson,/players/t/toscaju01.html,GSW,DET,J. Wiseman,/players/w/wisemja01.html,M. Plumlee,/players/p/plumlma01.html,1
202012290IND,https://www.basketball-reference.com/boxscores/pbp/202012290IND.html,Indiana Pacers,Boston Celtics,IND,BOS,M. Turner,T. Thompson,T. Thompson,BOS,IND,J. Brown,/players/b/brownja02.html,BOS,IND,T. Thompson,/players/t/thomptr01.html,M. Turner,/players/t/turnemy01.html,1
202012290WAS,https://www.basketball-reference.com/boxscores/pbp/202012290WAS.html,Washington Wizards,Chicago Bulls,WAS,CHI,T. Bryant,W. Carter,Z. LaVine,CHI,WAS,C. White,/players/w/whiteco01.html,CHI,WAS,W. Carter,/players/c/cartewe01.html,T. Bryant,/players/b/bryanth01.html,1
202012290PHI,https://www.basketball-reference.com/boxscores/pbp/202012290PHI.html,Philadelphia 76ers,Toronto Raptors,PHI,TOR,J. Embiid,A. Baynes,B. Simmons,TOR,PHI,P. Siakam,/players/s/siakapa01.html,PHI,TOR,A. Baynes,/players/b/baynear01.html,J. Embiid,/players/e/embiijo01.html,0
202012290MIA,https://www.basketball-reference.com/boxscores/pbp/202012290MIA.html,Miami Heat,Milwaukee Bucks,MIA,MIL,B. Adebayo,B. Lopez,J. Holiday,MIL,MIA,G. Antetokounmpo,/players/a/antetgi01.html,MIL,MIA,B. Lopez,/players/l/lopezbr01.html,B. Adebayo,/players/a/adebaba01.html,1
202012290OKC,https://www.basketball-reference.com/boxscores/pbp/202012290OKC.html,Oklahoma City Thunder,Orlando Magic,OKC,ORL,I. Roby,N. Vučević,N. Vučević,OKC,ORL,D. Bazley,/players/b/bazleda01.html,ORL,OKC,I. Roby,/players/r/robyis01.html,N. Vučević,/players/v/vucevni01.html,0
202012290PHO,https://www.basketball-reference.com/boxscores/pbp/202012290PHO.html,Phoenix Suns,New Orleans Pelicans,PHO,NOP,D. Ayton,S. Adams,S. Adams,NOP,PHO,L. Ball,/players/b/balllo01.html,NOP,PHO,S. Adams,/players/a/adamsst01.html,D. Ayton,/players/a/aytonde01.html,1
202012290SAC,https://www.basketball-reference.com/boxscores/pbp/202012290SAC.html,Sacramento Kings,Denver Nuggets,SAC,DEN,R. Holmes,N. Jokić,M. Porter,SAC,DEN,D. Fox,/players/f/foxde01.html,DEN,SAC,R. Holmes,/players/h/holmeri01.html,N. Jokić,/players/j/jokicni01.html,0
202012290LAC,https://www.basketball-reference.com/boxscores/pbp/202012290LAC.html,Los Angeles Clippers,Minnesota Timberwolves,LAC,MIN,S. Ibaka,N. Reid,M. Beasley,LAC,MIN,L. Kennard,/players/k/kennalu01.html,MIN,LAC,S. Ibaka,/players/i/ibakase01.html,N. Reid,/players/r/reidna01.html,0
202012300MIA,https://www.basketball-reference.com/boxscores/pbp/202012300MIA.html,Miami Heat,Milwaukee Bucks,MIA,MIL,B. Adebayo,B. Lopez,T. Herro,MIA,MIL,A. Bradley,/players/b/bradlav01.html,MIA,MIL,B. Adebayo,/players/a/adebaba01.html,B. Lopez,/players/l/lopezbr01.html,1
202012300BRK,https://www.basketball-reference.com/boxscores/pbp/202012300BRK.html,Brooklyn Nets,Atlanta Hawks,BRK,ATL,D. Jordan,C. Capela,J. Harris,BRK,ATL,K. Irving,/players/i/irvinky01.html,BRK,ATL,D. Jordan,/players/j/jordade01.html,C. Capela,/players/c/capelca01.html,1
202012300BOS,https://www.basketball-reference.com/boxscores/pbp/202012300BOS.html,Boston Celtics,Memphis Grizzlies,BOS,MEM,D. Theis,J. Valančiūnas,D. Brooks,MEM,BOS,G. Allen,/players/a/allengr01.html,MEM,BOS,J. Valančiūnas,/players/v/valanjo01.html,D. Theis,/players/t/theisda01.html,1
202012300DAL,https://www.basketball-reference.com/boxscores/pbp/202012300DAL.html,Dallas Mavericks,Charlotte Hornets,DAL,CHO,,,,,,,,,,,,
202012300SAS,https://www.basketball-reference.com/boxscores/pbp/202012300SAS.html,San Antonio Spurs,Los Angeles Lakers,SAS,LAL,J. Poeltl,A. Davis,K. Johnson,SAS,LAL,L. Walker,/players/w/walkelo01.html,SAS,LAL,J. Poeltl,/players/p/poeltja01.html,A. Davis,/players/d/davisan02.html,1
202012300LAC,https://www.basketball-reference.com/boxscores/pbp/202012300LAC.html,Los Angeles Clippers,Portland Trail Blazers,LAC,POR,S. Ibaka,J. Nurkić,C. McCollum,LAC,POR,P. George,/players/g/georgpa01.html,POR,LAC,S. Ibaka,/players/i/ibakase01.html,J. Nurkić,/players/n/nurkiju01.html,0
202012310IND,https://www.basketball-reference.com/boxscores/pbp/202012310IND.html,Indiana Pacers,Cleveland Cavaliers,IND,CLE,M. Turner,A. Drummond,D. Garland,CLE,IND,C. Sexton,/players/s/sextoco01.html,CLE,IND,A. Drummond,/players/d/drumman01.html,M. Turner,/players/t/turnemy01.html,1
202012310WAS,https://www.basketball-reference.com/boxscores/pbp/202012310WAS.html,Washington Wizards,Chicago Bulls,WAS,CHI,T. Bryant,W. Carter,W. Carter,CHI,WAS,C. White,/players/w/whiteco01.html,CHI,WAS,W. Carter,/players/c/cartewe01.html,T. Bryant,/players/b/bryanth01.html,1
202012310ORL,https://www.basketball-reference.com/boxscores/pbp/202012310ORL.html,Orlando Magic,Philadelphia 76ers,ORL,PHI,N. Vučević,J. Embiid,B. Simmons,PHI,ORL,B. Simmons,/players/s/simmobe01.html,PHI,ORL,J. Embiid,/players/e/embiijo01.html,N. Vučević,/players/v/vucevni01.html,1
202012310HOU,https://www.basketball-reference.com/boxscores/pbp/202012310HOU.html,Houston Rockets,Sacramento Kings,HOU,SAC,C. Wood,R. Holmes,H. Barnes,HOU,SAC,P. Tucker,/players/t/tuckepj01.html,SAC,HOU,C. Wood,/players/w/woodch01.html,R. Holmes,/players/h/holmeri01.html,0
202012310TOR,https://www.basketball-reference.com/boxscores/pbp/202012310TOR.html,Toronto Raptors,New York Knicks,TOR,NYK,A. Baynes,M. Robinson,A. Baynes,TOR,NYK,F. VanVleet,/players/v/vanvlfr01.html,TOR,NYK,A. Baynes,/players/b/baynear01.html,M. Robinson,/players/r/robinmi01.html,1
202012310OKC,https://www.basketball-reference.com/boxscores/pbp/202012310OKC.html,Oklahoma City Thunder,New Orleans Pelicans,OKC,NOP,A. Horford,S. Adams,D. Bazley,NOP,OKC,L. Ball,/players/b/balllo01.html,OKC,NOP,S. Adams,/players/a/adamsst01.html,A. Horford,/players/h/horfoal01.html,0
202012310UTA,https://www.basketball-reference.com/boxscores/pbp/202012310UTA.html,Utah Jazz,Phoenix Suns,UTA,PHO,R. Gobert,D. Ayton,D. Mitchell,PHO,UTA,C. Paul,/players/p/paulch01.html,UTA,PHO,D. Ayton,/players/a/aytonde01.html,R. Gobert,/players/g/goberru01.html,0
202101010DAL,https://www.basketball-reference.com/boxscores/pbp/202101010DAL.html,Dallas Mavericks,Miami Heat,DAL,MIA,D. Powell,B. Adebayo,D. Robinson,DAL,MIA,D. Finney-Smith,/players/f/finnedo01.html,MIA,DAL,D. Powell,/players/p/poweldw01.html,B. Adebayo,/players/a/adebaba01.html,0
202101010DET,https://www.basketball-reference.com/boxscores/pbp/202101010DET.html,Detroit Pistons,Boston Celtics,DET,BOS,M. Plumlee,T. Thompson,M. Plumlee,BOS,DET,J. Tatum,/players/t/tatumja01.html,DET,BOS,T. Thompson,/players/t/thomptr01.html,M. Plumlee,/players/p/plumlma01.html,0
202101010BRK,https://www.basketball-reference.com/boxscores/pbp/202101010BRK.html,Brooklyn Nets,Atlanta Hawks,BRK,ATL,D. Jordan,C. Capela,D. Hunter,ATL,BRK,T. Young,/players/y/youngtr01.html,ATL,BRK,C. Capela,/players/c/capelca01.html,D. Jordan,/players/j/jordade01.html,1
202101010MIL,https://www.basketball-reference.com/boxscores/pbp/202101010MIL.html,Milwaukee Bucks,Chicago Bulls,MIL,CHI,B. Lopez,W. Carter,O. Porter,MIL,CHI,J. Holiday,/players/h/holidjr01.html,CHI,MIL,B. Lopez,/players/l/lopezbr01.html,W. Carter,/players/c/cartewe01.html,0
202101010MIN,https://www.basketball-reference.com/boxscores/pbp/202101010MIN.html,Minnesota Timberwolves,Washington Wizards,MIN,WAS,N. Reid,T. Bryant,T. Bryant,WAS,MIN,R. Neto,/players/n/netora01.html,WAS,MIN,T. Bryant,/players/b/bryanth01.html,N. Reid,/players/r/reidna01.html,1
202101010SAS,https://www.basketball-reference.com/boxscores/pbp/202101010SAS.html,San Antonio Spurs,Los Angeles Lakers,SAS,LAL,J. Poeltl,A. Davis,K. Johnson,SAS,LAL,K. Johnson,/players/j/johnske04.html,SAS,LAL,J. Poeltl,/players/p/poeltja01.html,A. Davis,/players/d/davisan02.html,1
202101010DEN,https://www.basketball-reference.com/boxscores/pbp/202101010DEN.html,Denver Nuggets,Phoenix Suns,DEN,PHO,N. Jokić,D. Ayton,J. Murray,PHO,DEN,C. Paul,/players/p/paulch01.html,DEN,PHO,D. Ayton,/players/a/aytonde01.html,N. Jokić,/players/j/jokicni01.html,0
202101010UTA,https://www.basketball-reference.com/boxscores/pbp/202101010UTA.html,Utah Jazz,Los Angeles Clippers,UTA,LAC,R. Gobert,S. Ibaka,K. Leonard,LAC,UTA,N. Batum,/players/b/batumni01.html,LAC,UTA,S. Ibaka,/players/i/ibakase01.html,R. Gobert,/players/g/goberru01.html,1
202101010GSW,https://www.basketball-reference.com/boxscores/pbp/202101010GSW.html,Golden State Warriors,Portland Trail Blazers,GSW,POR,J. Wiseman,J. Nurkić,J. Wiseman,GSW,POR,A. Wiggins,/players/w/wiggian01.html,GSW,POR,J. Wiseman,/players/w/wisemja01.html,J. Nurkić,/players/n/nurkiju01.html,1
202101020HOU,https://www.basketball-reference.com/boxscores/pbp/202101020HOU.html,Houston Rockets,Sacramento Kings,HOU,SAC,C. Wood,R. Holmes,M. Bagley,SAC,HOU,D. Fox,/players/f/foxde01.html,SAC,HOU,R. Holmes,/players/h/holmeri01.html,C. Wood,/players/w/woodch01.html,1
202101020IND,https://www.basketball-reference.com/boxscores/pbp/202101020IND.html,Indiana Pacers,New York Knicks,IND,NYK,M. Turner,M. Robinson,E. Payton,NYK,IND,E. Payton,/players/p/paytoel01.html,NYK,IND,M. Robinson,/players/r/robinmi01.html,M. Turner,/players/t/turnemy01.html,1
202101020ORL,https://www.basketball-reference.com/boxscores/pbp/202101020ORL.html,Orlando Magic,Oklahoma City Thunder,ORL,OKC,N. Vučević,A. Horford,D. Bazley,OKC,ORL,G. Hill,/players/h/hillge01.html,OKC,ORL,A. Horford,/players/h/horfoal01.html,N. Vučević,/players/v/vucevni01.html,1
202101020PHI,https://www.basketball-reference.com/boxscores/pbp/202101020PHI.html,Philadelphia 76ers,Charlotte Hornets,PHI,CHO,J. Embiid,B. Biyombo,J. Embiid,PHI,CHO,B. Simmons,/players/s/simmobe01.html,PHI,CHO,J. Embiid,/players/e/embiijo01.html,B. Biyombo,/players/b/biyombi01.html,1
202101020ATL,https://www.basketball-reference.com/boxscores/pbp/202101020ATL.html,Atlanta Hawks,Cleveland Cavaliers,ATL,CLE,C. Capela,A. Drummond,A. Drummond,CLE,ATL,C. Sexton,/players/s/sextoco01.html,CLE,ATL,A. Drummond,/players/d/drumman01.html,C. Capela,/players/c/capelca01.html,1
202101020NOP,https://www.basketball-reference.com/boxscores/pbp/202101020NOP.html,New Orleans Pelicans,Toronto Raptors,NOP,TOR,S. Adams,A. Baynes,F. VanVleet,TOR,NOP,F. VanVleet,/players/v/vanvlfr01.html,TOR,NOP,A. Baynes,/players/b/baynear01.html,S. Adams,/players/a/adamsst01.html,1
202101030DET,https://www.basketball-reference.com/boxscores/pbp/202101030DET.html,Detroit Pistons,Boston Celtics,DET,BOS,M. Plumlee,T. Thompson,J. Grant,DET,BOS,B. Griffin,/players/g/griffbl01.html,DET,BOS,M. Plumlee,/players/p/plumlma01.html,T. Thompson,/players/t/thomptr01.html,1
202101030BRK,https://www.basketball-reference.com/boxscores/pbp/202101030BRK.html,Brooklyn Nets,Washington Wizards,BRK,WAS,D. Jordan,T. Bryant,K. Irving,BRK,WAS,K. Durant,/players/d/duranke01.html,BRK,WAS,D. Jordan,/players/j/jordade01.html,T. Bryant,/players/b/bryanth01.html,1
202101030MEM,https://www.basketball-reference.com/boxscores/pbp/202101030MEM.html,Memphis Grizzlies,Los Angeles Lakers,MEM,LAL,J. Valančiūnas,A. Davis,K. Anderson,MEM,LAL,T. Jones,/players/j/jonesty01.html,MEM,LAL,J. Valančiūnas,/players/v/valanjo01.html,A. Davis,/players/d/davisan02.html,1
202101030MIN,https://www.basketball-reference.com/boxscores/pbp/202101030MIN.html,Minnesota Timberwolves,Denver Nuggets,MIN,DEN,E. Davis,N. Jokić,N. Jokić,DEN,MIN,N. Jokić,/players/j/jokicni01.html,DEN,MIN,N. Jokić,/players/j/jokicni01.html,E. Davis,/players/d/davised01.html,1
202101030SAS,https://www.basketball-reference.com/boxscores/pbp/202101030SAS.html,San Antonio Spurs,Utah Jazz,SAS,UTA,J. Poeltl,R. Gobert,B. Bogdanović,UTA,SAS,B. Bogdanović,/players/b/bogdabo02.html,UTA,SAS,R. Gobert,/players/g/goberru01.html,J. Poeltl,/players/p/poeltja01.html,1
202101030CHI,https://www.basketball-reference.com/boxscores/pbp/202101030CHI.html,Chicago Bulls,Dallas Mavericks,CHI,DAL,W. Carter,D. Powell,Z. LaVine,DAL,CHI,J. Richardson,/players/r/richajo01.html,CHI,DAL,D. Powell,/players/p/poweldw01.html,W. Carter,/players/c/cartewe01.html,0
202101030PHO,https://www.basketball-reference.com/boxscores/pbp/202101030PHO.html,Phoenix Suns,Los Angeles Clippers,PHO,LAC,D. Ayton,S. Ibaka,P. Beverley,PHO,LAC,J. Crowder,/players/c/crowdja01.html,LAC,PHO,D. Ayton,/players/a/aytonde01.html,S. Ibaka,/players/i/ibakase01.html,0
202101030GSW,https://www.basketball-reference.com/boxscores/pbp/202101030GSW.html,Golden State Warriors,Portland Trail Blazers,GSW,POR,J. Wiseman,J. Nurkić,J. Nurkić,POR,GSW,D. Jones,/players/j/jonesde02.html,POR,GSW,J. Nurkić,/players/n/nurkiju01.html,J. Wiseman,/players/w/wisemja01.html,1
202101040ORL,https://www.basketball-reference.com/boxscores/pbp/202101040ORL.html,Orlando Magic,Cleveland Cavaliers,ORL,CLE,N. Vučević,C. Sexton,M. Fultz,CLE,ORL,C. Sexton,/players/s/sextoco01.html,ORL,CLE,C. Sexton,/players/s/sextoco01.html,N. Vučević,/players/v/vucevni01.html,0
202101040PHI,https://www.basketball-reference.com/boxscores/pbp/202101040PHI.html,Philadelphia 76ers,Charlotte Hornets,PHI,CHO,J. Embiid,B. Biyombo,B. Simmons,PHI,CHO,S. Curry,/players/c/curryse01.html,PHI,CHO,J. Embiid,/players/e/embiijo01.html,B. Biyombo,/players/b/biyombi01.html,1
202101040ATL,https://www.basketball-reference.com/boxscores/pbp/202101040ATL.html,Atlanta Hawks,New York Knicks,ATL,NYK,C. Capela,M. Robinson,R. Barrett,NYK,ATL,E. Payton,/players/p/paytoel01.html,NYK,ATL,M. Robinson,/players/r/robinmi01.html,C. Capela,/players/c/capelca01.html,1
202101040MIA,https://www.basketball-reference.com/boxscores/pbp/202101040MIA.html,Miami Heat,Oklahoma City Thunder,MIA,OKC,B. Adebayo,A. Horford,J. Butler,MIA,OKC,J. Butler,/players/b/butleji01.html,MIA,OKC,B. Adebayo,/players/a/adebaba01.html,A. Horford,/players/h/horfoal01.html,1
202101040TOR,https://www.basketball-reference.com/boxscores/pbp/202101040TOR.html,Toronto Raptors,Boston Celtics,TOR,BOS,A. Baynes,T. Thompson,J. Brown,BOS,TOR,J. Brown,/players/b/brownja02.html,BOS,TOR,T. Thompson,/players/t/thomptr01.html,A. Baynes,/players/b/baynear01.html,1
202101040HOU,https://www.basketball-reference.com/boxscores/pbp/202101040HOU.html,Houston Rockets,Dallas Mavericks,HOU,DAL,C. Wood,W. Cauley-Stein,J. Harden,HOU,DAL,P. Tucker,/players/t/tuckepj01.html,HOU,DAL,C. Wood,/players/w/woodch01.html,W. Cauley-Stein,/players/c/caulewi01.html,1
202101040MIL,https://www.basketball-reference.com/boxscores/pbp/202101040MIL.html,Milwaukee Bucks,Detroit Pistons,MIL,DET,B. Lopez,M. Plumlee,G. Antetokounmpo,MIL,DET,G. Antetokounmpo,/players/a/antetgi01.html,MIL,DET,B. Lopez,/players/l/lopezbr01.html,M. Plumlee,/players/p/plumlma01.html,1
202101040NOP,https://www.basketball-reference.com/boxscores/pbp/202101040NOP.html,New Orleans Pelicans,Indiana Pacers,NOP,IND,S. Adams,M. Turner,M. Turner,NOP,IND,L. Ball,/players/b/balllo01.html,IND,NOP,S. Adams,/players/a/adamsst01.html,M. Turner,/players/t/turnemy01.html,0
202101040GSW,https://www.basketball-reference.com/boxscores/pbp/202101040GSW.html,Golden State Warriors,Sacramento Kings,GSW,SAC,J. Wiseman,R. Holmes,J. Wiseman,SAC,GSW,D. Fox,/players/f/foxde01.html,GSW,SAC,R. Holmes,/players/h/holmeri01.html,J. Wiseman,/players/w/wisemja01.html,0
202101050BRK,https://www.basketball-reference.com/boxscores/pbp/202101050BRK.html,Brooklyn Nets,Utah Jazz,BRK,UTA,J. Allen,R. Gobert,K. Irving,UTA,BRK,R. O'Neale,/players/o/onealro01.html,BRK,UTA,R. Gobert,/players/g/goberru01.html,J. Allen,/players/a/allenja01.html,0
202101050MEM,https://www.basketball-reference.com/boxscores/pbp/202101050MEM.html,Memphis Grizzlies,Los Angeles Lakers,MEM,LAL,J. Valančiūnas,A. Davis,A. Davis,LAL,MEM,L. James,/players/j/jamesle01.html,LAL,MEM,A. Davis,/players/d/davisan02.html,J. Valančiūnas,/players/v/valanjo01.html,1
202101050DEN,https://www.basketball-reference.com/boxscores/pbp/202101050DEN.html,Denver Nuggets,Minnesota Timberwolves,DEN,MIN,N. Jokić,E. Davis,G. Harris,MIN,DEN,J. Hernangómez,/players/h/hernaju01.html,DEN,MIN,E. Davis,/players/d/davised01.html,N. Jokić,/players/j/jokicni01.html,0
202101050LAC,https://www.basketball-reference.com/boxscores/pbp/202101050LAC.html,Los Angeles Clippers,San Antonio Spurs,LAC,SAS,S. Ibaka,L. Aldridge,K. Johnson,LAC,SAS,P. Beverley,/players/b/beverpa01.html,SAS,LAC,S. Ibaka,/players/i/ibakase01.html,L. Aldridge,/players/a/aldrila01.html,0
202101050POR,https://www.basketball-reference.com/boxscores/pbp/202101050POR.html,Portland Trail Blazers,Chicago Bulls,POR,CHI,J. Nurkić,W. Carter,R. Covington,POR,CHI,D. Lillard,/players/l/lillada01.html,POR,CHI,J. Nurkić,/players/n/nurkiju01.html,W. Carter,/players/c/cartewe01.html,1
202101060IND,https://www.basketball-reference.com/boxscores/pbp/202101060IND.html,Indiana Pacers,Houston Rockets,IND,HOU,M. Turner,D. Cousins,D. Cousins,HOU,IND,P. Tucker,/players/t/tuckepj01.html,HOU,IND,D. Cousins,/players/c/couside01.html,M. Turner,/players/t/turnemy01.html,1
202101060ORL,https://www.basketball-reference.com/boxscores/pbp/202101060ORL.html,Orlando Magic,Cleveland Cavaliers,ORL,CLE,N. Vučević,A. Drummond,M. Fultz,CLE,ORL,C. Osman,/players/o/osmande01.html,ORL,CLE,A. Drummond,/players/d/drumman01.html,N. Vučević,/players/v/vucevni01.html,0
202101060PHI,https://www.basketball-reference.com/boxscores/pbp/202101060PHI.html,Philadelphia 76ers,Washington Wizards,PHI,WAS,J. Embiid,T. Bryant,B. Beal,PHI,WAS,S. Curry,/players/c/curryse01.html,WAS,PHI,J. Embiid,/players/e/embiijo01.html,T. Bryant,/players/b/bryanth01.html,0
202101060ATL,https://www.basketball-reference.com/boxscores/pbp/202101060ATL.html,Atlanta Hawks,Charlotte Hornets,ATL,CHO,C. Capela,B. Biyombo,G. Hayward,ATL,CHO,T. Young,/players/y/youngtr01.html,CHO,ATL,C. Capela,/players/c/capelca01.html,B. Biyombo,/players/b/biyombi01.html,0
202101060MIA,https://www.basketball-reference.com/boxscores/pbp/202101060MIA.html,Miami Heat,Boston Celtics,MIA,BOS,B. Adebayo,T. Thompson,M. Smart,MIA,BOS,T. Herro,/players/h/herroty01.html,BOS,MIA,B. Adebayo,/players/a/adebaba01.html,T. Thompson,/players/t/thomptr01.html,0
202101060NYK,https://www.basketball-reference.com/boxscores/pbp/202101060NYK.html,New York Knicks,Utah Jazz,NYK,UTA,M. Robinson,R. Gobert,E. Payton,NYK,UTA,E. Payton,/players/p/paytoel01.html,NYK,UTA,M. Robinson,/players/r/robinmi01.html,R. Gobert,/players/g/goberru01.html,1
202101060MIL,https://www.basketball-reference.com/boxscores/pbp/202101060MIL.html,Milwaukee Bucks,Detroit Pistons,MIL,DET,G. Antetokounmpo,M. Plumlee,J. Holiday,MIL,DET,G. Antetokounmpo,/players/a/antetgi01.html,MIL,DET,G. Antetokounmpo,/players/a/antetgi01.html,M. Plumlee,/players/p/plumlma01.html,1
202101060NOP,https://www.basketball-reference.com/boxscores/pbp/202101060NOP.html,New Orleans Pelicans,Oklahoma City Thunder,NOP,OKC,S. Adams,A. Horford,Z. Williamson,NOP,OKC,L. Ball,/players/b/balllo01.html,NOP,OKC,S. Adams,/players/a/adamsst01.html,A. Horford,/players/h/horfoal01.html,1
202101060PHO,https://www.basketball-reference.com/boxscores/pbp/202101060PHO.html,Phoenix Suns,Toronto Raptors,PHO,TOR,D. Ayton,A. Baynes,P. Siakam,PHO,TOR,C. Paul,/players/p/paulch01.html,TOR,PHO,D. Ayton,/players/a/aytonde01.html,A. Baynes,/players/b/baynear01.html,0
202101060GSW,https://www.basketball-reference.com/boxscores/pbp/202101060GSW.html,Golden State Warriors,Los Angeles Clippers,GSW,LAC,J. Wiseman,S. Ibaka,P. Beverley,GSW,LAC,A. Wiggins,/players/w/wiggian01.html,LAC,GSW,J. Wiseman,/players/w/wisemja01.html,S. Ibaka,/players/i/ibakase01.html,0
202101060SAC,https://www.basketball-reference.com/boxscores/pbp/202101060SAC.html,Sacramento Kings,Chicago Bulls,SAC,CHI,R. Holmes,W. Carter,R. Holmes,CHI,SAC,C. White,/players/w/whiteco01.html,SAC,CHI,W. Carter,/players/c/cartewe01.html,R. Holmes,/players/h/holmeri01.html,0
202101070BRK,https://www.basketball-reference.com/boxscores/pbp/202101070BRK.html,Brooklyn Nets,Philadelphia 76ers,BRK,PHI,J. Allen,J. Embiid,J. Allen,BRK,PHI,C. LeVert,/players/l/leverca01.html,BRK,PHI,J. Allen,/players/a/allenja01.html,J. Embiid,/players/e/embiijo01.html,1
202101070MEM,https://www.basketball-reference.com/boxscores/pbp/202101070MEM.html,Memphis Grizzlies,Cleveland Cavaliers,MEM,CLE,J. Valančiūnas,A. Drummond,C. Osman,CLE,MEM,D. Dotson,/players/d/dotsoda01.html,CLE,MEM,A. Drummond,/players/d/drumman01.html,J. Valančiūnas,/players/v/valanjo01.html,1
202101070DEN,https://www.basketball-reference.com/boxscores/pbp/202101070DEN.html,Denver Nuggets,Dallas Mavericks,DEN,DAL,N. Jokić,W. Cauley-Stein,W. Cauley-Stein,DAL,DEN,M. Kleber,/players/k/klebima01.html,DAL,DEN,W. Cauley-Stein,/players/c/caulewi01.html,N. Jokić,/players/j/jokicni01.html,1
202101070LAL,https://www.basketball-reference.com/boxscores/pbp/202101070LAL.html,Los Angeles Lakers,San Antonio Spurs,LAL,SAS,A. Davis,L. Aldridge,D. DeRozan,LAL,SAS,L. James,/players/j/jamesle01.html,SAS,LAL,A. Davis,/players/d/davisan02.html,L. Aldridge,/players/a/aldrila01.html,0
202101070POR,https://www.basketball-reference.com/boxscores/pbp/202101070POR.html,Portland Trail Blazers,Minnesota Timberwolves,POR,MIN,J. Nurkić,E. Davis,D. Russell,POR,MIN,R. Covington,/players/c/covinro01.html,MIN,POR,J. Nurkić,/players/n/nurkiju01.html,E. Davis,/players/d/davised01.html,0
202101080DET,https://www.basketball-reference.com/boxscores/pbp/202101080DET.html,Detroit Pistons,Phoenix Suns,DET,PHO,M. Plumlee,D. Ayton,D. Booker,PHO,DET,C. Paul,/players/p/paulch01.html,PHO,DET,D. Ayton,/players/a/aytonde01.html,M. Plumlee,/players/p/plumlma01.html,1
202101080BOS,https://www.basketball-reference.com/boxscores/pbp/202101080BOS.html,Boston Celtics,Washington Wizards,BOS,WAS,D. Theis,T. Bryant,J. Tatum,BOS,WAS,S. Ojeleye,/players/o/ojelese01.html,BOS,WAS,D. Theis,/players/t/theisda01.html,T. Bryant,/players/b/bryanth01.html,1
202101080NOP,https://www.basketball-reference.com/boxscores/pbp/202101080NOP.html,New Orleans Pelicans,Charlotte Hornets,NOP,CHO,S. Adams,B. Biyombo,E. Bledsoe,NOP,CHO,L. Ball,/players/b/balllo01.html,NOP,CHO,S. Adams,/players/a/adamsst01.html,B. Biyombo,/players/b/biyombi01.html,1
202101080NYK,https://www.basketball-reference.com/boxscores/pbp/202101080NYK.html,New York Knicks,Oklahoma City Thunder,NYK,OKC,M. Robinson,A. Horford,E. Payton,NYK,OKC,E. Payton,/players/p/paytoel01.html,NYK,OKC,M. Robinson,/players/r/robinmi01.html,A. Horford,/players/h/horfoal01.html,1
202101080HOU,https://www.basketball-reference.com/boxscores/pbp/202101080HOU.html,Houston Rockets,Orlando Magic,HOU,ORL,C. Wood,N. Vučević,N. Vučević,HOU,ORL,J. Wall,/players/w/walljo01.html,ORL,HOU,C. Wood,/players/w/woodch01.html,N. Vučević,/players/v/vucevni01.html,0
202101080MEM,https://www.basketball-reference.com/boxscores/pbp/202101080MEM.html,Memphis Grizzlies,Brooklyn Nets,MEM,BRK,J. Valančiūnas,J. Allen,J. Green,BRK,MEM,J. Green,/players/g/greenje02.html,BRK,MEM,J. Allen,/players/a/allenja01.html,J. Valančiūnas,/players/v/valanjo01.html,1
202101080MIL,https://www.basketball-reference.com/boxscores/pbp/202101080MIL.html,Milwaukee Bucks,Utah Jazz,MIL,UTA,B. Lopez,R. Gobert,D. DiVincenzo,MIL,UTA,G. Antetokounmpo,/players/a/antetgi01.html,MIL,UTA,B. Lopez,/players/l/lopezbr01.html,R. Gobert,/players/g/goberru01.html,1
202101080GSW,https://www.basketball-reference.com/boxscores/pbp/202101080GSW.html,Golden State Warriors,Los Angeles Clippers,GSW,LAC,J. Wiseman,S. Ibaka,S. Ibaka,GSW,LAC,D. Green,/players/g/greendr01.html,LAC,GSW,J. Wiseman,/players/w/wisemja01.html,S. Ibaka,/players/i/ibakase01.html,0
202101080LAL,https://www.basketball-reference.com/boxscores/pbp/202101080LAL.html,Los Angeles Lakers,Chicago Bulls,LAL,CHI,M. Gasol,W. Carter,M. Morris,LAL,CHI,L. James,/players/j/jamesle01.html,LAL,CHI,M. Gasol,/players/g/gasolma01.html,W. Carter,/players/c/cartewe01.html,1
202101080SAC,https://www.basketball-reference.com/boxscores/pbp/202101080SAC.html,Sacramento Kings,Toronto Raptors,SAC,TOR,R. Holmes,A. Len,R. Holmes,SAC,TOR,D. Fox,/players/f/foxde01.html,SAC,TOR,R. Holmes,/players/h/holmeri01.html,A. Len,/players/l/lenal01.html,1
202101090PHI,https://www.basketball-reference.com/boxscores/pbp/202101090PHI.html,Philadelphia 76ers,Denver Nuggets,PHI,DEN,,,,,,,,,,,,
202101090CHO,https://www.basketball-reference.com/boxscores/pbp/202101090CHO.html,Charlotte Hornets,Atlanta Hawks,CHO,ATL,B. Biyombo,C. Capela,B. Bogdanović,CHO,ATL,P. Washington,/players/w/washipj01.html,ATL,CHO,B. Biyombo,/players/b/biyombi01.html,C. Capela,/players/c/capelca01.html,0
202101090IND,https://www.basketball-reference.com/boxscores/pbp/202101090IND.html,Indiana Pacers,Phoenix Suns,IND,PHO,M. Turner,D. Ayton,M. Bridges,IND,PHO,D. Sabonis,/players/s/sabondo01.html,PHO,IND,M. Turner,/players/t/turnemy01.html,D. Ayton,/players/a/aytonde01.html,0
202101090WAS,https://www.basketball-reference.com/boxscores/pbp/202101090WAS.html,Washington Wizards,Miami Heat,WAS,MIA,T. Bryant,B. Adebayo,T. Herro,MIA,WAS,J. Butler,/players/b/butleji01.html,MIA,WAS,B. Adebayo,/players/a/adebaba01.html,T. Bryant,/players/b/bryanth01.html,1
202101090MIL,https://www.basketball-reference.com/boxscores/pbp/202101090MIL.html,Milwaukee Bucks,Cleveland Cavaliers,MIL,CLE,B. Lopez,A. Drummond,J. Holiday,MIL,CLE,B. Portis,/players/p/portibo01.html,MIL,CLE,B. Lopez,/players/l/lopezbr01.html,A. Drummond,/players/d/drumman01.html,1
202101090MIN,https://www.basketball-reference.com/boxscores/pbp/202101090MIN.html,Minnesota Timberwolves,San Antonio Spurs,MIN,SAS,K. Towns,L. Aldridge,K. Johnson,MIN,SAS,J. Hernangómez,/players/h/hernaju01.html,SAS,MIN,K. Towns,/players/t/townska01.html,L. Aldridge,/players/a/aldrila01.html,0
202101090DAL,https://www.basketball-reference.com/boxscores/pbp/202101090DAL.html,Dallas Mavericks,Orlando Magic,DAL,ORL,W. Cauley-Stein,N. Vučević,N. Vučević,ORL,DAL,C. Anthony,/players/a/anthoco01.html,ORL,DAL,N. Vučević,/players/v/vucevni01.html,W. Cauley-Stein,/players/c/caulewi01.html,1
202101090SAC,https://www.basketball-reference.com/boxscores/pbp/202101090SAC.html,Sacramento Kings,Portland Trail Blazers,SAC,POR,M. Bagley,J. Nurkić,C. McCollum,SAC,POR,D. Fox,/players/f/foxde01.html,POR,SAC,M. Bagley,/players/b/baglema01.html,J. Nurkić,/players/n/nurkiju01.html,0
202101100DET,https://www.basketball-reference.com/boxscores/pbp/202101100DET.html,Detroit Pistons,Utah Jazz,DET,UTA,M. Plumlee,R. Gobert,D. Mitchell,DET,UTA,B. Griffin,/players/g/griffbl01.html,UTA,DET,M. Plumlee,/players/p/plumlma01.html,R. Gobert,/players/g/goberru01.html,0
202101100LAC,https://www.basketball-reference.com/boxscores/pbp/202101100LAC.html,Los Angeles Clippers,Chicago Bulls,LAC,CHI,S. Ibaka,W. Carter,S. Ibaka,LAC,CHI,N. Batum,/players/b/batumni01.html,LAC,CHI,S. Ibaka,/players/i/ibakase01.html,W. Carter,/players/c/cartewe01.html,1
202101100BRK,https://www.basketball-reference.com/boxscores/pbp/202101100BRK.html,Brooklyn Nets,Oklahoma City Thunder,BRK,OKC,J. Allen,A. Horford,J. Harris,OKC,BRK,G. Hill,/players/h/hillge01.html,BRK,OKC,A. Horford,/players/h/horfoal01.html,J. Allen,/players/a/allenja01.html,0
202101100NYK,https://www.basketball-reference.com/boxscores/pbp/202101100NYK.html,New York Knicks,Denver Nuggets,NYK,DEN,M. Robinson,N. Jokić,J. Randle,DEN,NYK,P. Millsap,/players/m/millspa01.html,NYK,DEN,N. Jokić,/players/j/jokicni01.html,M. Robinson,/players/r/robinmi01.html,0
202101100HOU,https://www.basketball-reference.com/boxscores/pbp/202101100HOU.html,Houston Rockets,Los Angeles Lakers,HOU,LAL,C. Wood,A. Davis,L. James,HOU,LAL,J. Wall,/players/w/walljo01.html,LAL,HOU,C. Wood,/players/w/woodch01.html,A. Davis,/players/d/davisan02.html,0
202101100MIN,https://www.basketball-reference.com/boxscores/pbp/202101100MIN.html,Minnesota Timberwolves,San Antonio Spurs,MIN,SAS,E. Davis,L. Aldridge,E. Davis,SAS,MIN,T. Lyles,/players/l/lylestr01.html,MIN,SAS,L. Aldridge,/players/a/aldrila01.html,E. Davis,/players/d/davised01.html,0
202101100GSW,https://www.basketball-reference.com/boxscores/pbp/202101100GSW.html,Golden State Warriors,Toronto Raptors,GSW,TOR,J. Wiseman,O. Anunoby,J. Wiseman,GSW,TOR,D. Green,/players/g/greendr01.html,GSW,TOR,J. Wiseman,/players/w/wisemja01.html,O. Anunoby,/players/a/anunoog01.html,1
202101110CHO,https://www.basketball-reference.com/boxscores/pbp/202101110CHO.html,Charlotte Hornets,New York Knicks,CHO,NYK,B. Biyombo,M. Robinson,P. Washington,CHO,NYK,D. Graham,/players/g/grahade01.html,CHO,NYK,B. Biyombo,/players/b/biyombi01.html,M. Robinson,/players/r/robinmi01.html,1
202101110CLE,https://www.basketball-reference.com/boxscores/pbp/202101110CLE.html,Cleveland Cavaliers,Memphis Grizzlies,CLE,MEM,A. Drummond,J. Valančiūnas,I. Okoro,CLE,MEM,C. Osman,/players/o/osmande01.html,CLE,MEM,A. Drummond,/players/d/drumman01.html,J. Valančiūnas,/players/v/valanjo01.html,1
202101110ORL,https://www.basketball-reference.com/boxscores/pbp/202101110ORL.html,Orlando Magic,Milwaukee Bucks,ORL,MIL,N. Vučević,B. Lopez,J. Holiday,MIL,ORL,G. Antetokounmpo,/players/a/antetgi01.html,MIL,ORL,B. Lopez,/players/l/lopezbr01.html,N. Vučević,/players/v/vucevni01.html,1
202101110WAS,https://www.basketball-reference.com/boxscores/pbp/202101110WAS.html,Washington Wizards,Phoenix Suns,WAS,PHO,R. Lopez,D. Ayton,R. Neto,WAS,PHO,B. Beal,/players/b/bealbr01.html,WAS,PHO,R. Lopez,/players/l/lopezro01.html,D. Ayton,/players/a/aytonde01.html,1
202101110ATL,https://www.basketball-reference.com/boxscores/pbp/202101110ATL.html,Atlanta Hawks,Philadelphia 76ers,ATL,PHI,C. Capela,J. Embiid,J. Embiid,ATL,PHI,C. Reddish,/players/r/reddica01.html,PHI,ATL,C. Capela,/players/c/capelca01.html,J. Embiid,/players/e/embiijo01.html,0
202101110POR,https://www.basketball-reference.com/boxscores/pbp/202101110POR.html,Portland Trail Blazers,Toronto Raptors,POR,TOR,J. Nurkić,A. Len,K. Lowry,POR,TOR,D. Lillard,/players/l/lillada01.html,TOR,POR,J. Nurkić,/players/n/nurkiju01.html,A. Len,/players/l/lenal01.html,0
202101110SAC,https://www.basketball-reference.com/boxscores/pbp/202101110SAC.html,Sacramento Kings,Indiana Pacers,SAC,IND,R. Holmes,M. Turner,V. Oladipo,SAC,IND,D. Fox,/players/f/foxde01.html,IND,SAC,R. Holmes,/players/h/holmeri01.html,M. Turner,/players/t/turnemy01.html,0
202101120PHI,https://www.basketball-reference.com/boxscores/pbp/202101120PHI.html,Philadelphia 76ers,Miami Heat,PHI,MIA,J. Embiid,P. Achiuwa,D. Green,PHI,MIA,M. Scott,/players/s/scottmi01.html,PHI,MIA,J. Embiid,/players/e/embiijo01.html,P. Achiuwa,/players/a/achiupr01.html,1
202101120BRK,https://www.basketball-reference.com/boxscores/pbp/202101120BRK.html,Brooklyn Nets,Denver Nuggets,BRK,DEN,J. Allen,N. Jokić,N. Jokić,BRK,DEN,J. Green,/players/g/greenje02.html,DEN,BRK,J. Allen,/players/a/allenja01.html,N. Jokić,/players/j/jokicni01.html,0
202101120CLE,https://www.basketball-reference.com/boxscores/pbp/202101120CLE.html,Cleveland Cavaliers,Utah Jazz,CLE,UTA,J. McGee,R. Gobert,C. Osman,CLE,UTA,C. Osman,/players/o/osmande01.html,CLE,UTA,J. McGee,/players/m/mcgeeja01.html,R. Gobert,/players/g/goberru01.html,1
202101120HOU,https://www.basketball-reference.com/boxscores/pbp/202101120HOU.html,Houston Rockets,Los Angeles Lakers,HOU,LAL,C. Wood,A. Davis,M. Gasol,HOU,LAL,J. Wall,/players/w/walljo01.html,LAL,HOU,C. Wood,/players/w/woodch01.html,A. Davis,/players/d/davisan02.html,0
202101120OKC,https://www.basketball-reference.com/boxscores/pbp/202101120OKC.html,Oklahoma City Thunder,San Antonio Spurs,OKC,SAS,A. Horford,L. Aldridge,L. Dort,OKC,SAS,G. Hill,/players/h/hillge01.html,OKC,SAS,A. Horford,/players/h/horfoal01.html,L. Aldridge,/players/a/aldrila01.html,1
202101120GSW,https://www.basketball-reference.com/boxscores/pbp/202101120GSW.html,Golden State Warriors,Indiana Pacers,GSW,IND,J. Wiseman,M. Turner,M. Turner,GSW,IND,D. Green,/players/g/greendr01.html,IND,GSW,J. Wiseman,/players/w/wisemja01.html,M. Turner,/players/t/turnemy01.html,0
202101130CHO,https://www.basketball-reference.com/boxscores/pbp/202101130CHO.html,Charlotte Hornets,Dallas Mavericks,CHO,DAL,B. Biyombo,K. Porziņģis,L. Dončić,DAL,CHO,W. Cauley-Stein,/players/c/caulewi01.html,DAL,CHO,K. Porziņģis,/players/p/porzikr01.html,B. Biyombo,/players/b/biyombi01.html,1
202101130DET,https://www.basketball-reference.com/boxscores/pbp/202101130DET.html,Detroit Pistons,Milwaukee Bucks,DET,MIL,M. Plumlee,B. Lopez,B. Lopez,MIL,DET,B. Lopez,/players/l/lopezbr01.html,MIL,DET,B. Lopez,/players/l/lopezbr01.html,M. Plumlee,/players/p/plumlma01.html,1
202101130NYK,https://www.basketball-reference.com/boxscores/pbp/202101130NYK.html,New York Knicks,Brooklyn Nets,NYK,BRK,M. Robinson,D. Jordan,K. Durant,BRK,NYK,J. Harris,/players/h/harrijo01.html,BRK,NYK,D. Jordan,/players/j/jordade01.html,M. Robinson,/players/r/robinmi01.html,1
202101130MIN,https://www.basketball-reference.com/boxscores/pbp/202101130MIN.html,Minnesota Timberwolves,Memphis Grizzlies,MIN,MEM,K. Towns,J. Valančiūnas,J. Valančiūnas,MEM,MIN,D. Brooks,/players/b/brookdi01.html,MEM,MIN,J. Valančiūnas,/players/v/valanjo01.html,K. Towns,/players/t/townska01.html,1
202101130OKC,https://www.basketball-reference.com/boxscores/pbp/202101130OKC.html,Oklahoma City Thunder,Los Angeles Lakers,OKC,LAL,I. Roby,A. Davis,K. Caldwell-Pope,LAL,OKC,L. James,/players/j/jamesle01.html,LAL,OKC,A. Davis,/players/d/davisan02.html,I. Roby,/players/r/robyis01.html,1
202101130LAC,https://www.basketball-reference.com/boxscores/pbp/202101130LAC.html,Los Angeles Clippers,New Orleans Pelicans,LAC,NOP,S. Ibaka,S. Adams,B. Ingram,NOP,LAC,N. Alexander-Walker,/players/a/alexani01.html,NOP,LAC,S. Adams,/players/a/adamsst01.html,S. Ibaka,/players/i/ibakase01.html,1
202101130SAC,https://www.basketball-reference.com/boxscores/pbp/202101130SAC.html,Sacramento Kings,Portland Trail Blazers,SAC,POR,R. Holmes,J. Nurkić,J. Nurkić,POR,SAC,D. Lillard,/players/l/lillada01.html,POR,SAC,J. Nurkić,/players/n/nurkiju01.html,R. Holmes,/players/h/holmeri01.html,1
202101140PHI,https://www.basketball-reference.com/boxscores/pbp/202101140PHI.html,Philadelphia 76ers,Miami Heat,PHI,MIA,J. Embiid,P. Achiuwa,G. Vincent,PHI,MIA,B. Simmons,/players/s/simmobe01.html,MIA,PHI,J. Embiid,/players/e/embiijo01.html,P. Achiuwa,/players/a/achiupr01.html,0
202101140SAS,https://www.basketball-reference.com/boxscores/pbp/202101140SAS.html,San Antonio Spurs,Houston Rockets,SAS,HOU,L. Aldridge,C. Wood,D. Murray,HOU,SAS,S. Brown,/players/b/brownst02.html,SAS,HOU,C. Wood,/players/w/woodch01.html,L. Aldridge,/players/a/aldrila01.html,0
202101140TOR,https://www.basketball-reference.com/boxscores/pbp/202101140TOR.html,Toronto Raptors,Charlotte Hornets,TOR,CHO,A. Baynes,B. Biyombo,O. Anunoby,CHO,TOR,P. Washington,/players/w/washipj01.html,TOR,CHO,B. Biyombo,/players/b/biyombi01.html,A. Baynes,/players/b/baynear01.html,0
202101140DEN,https://www.basketball-reference.com/boxscores/pbp/202101140DEN.html,Denver Nuggets,Golden State Warriors,DEN,GSW,B. Bol,J. Wiseman,S. Curry,GSW,DEN,D. Green,/players/g/greendr01.html,GSW,DEN,J. Wiseman,/players/w/wisemja01.html,B. Bol,/players/b/bolbo01.html,1
202101140POR,https://www.basketball-reference.com/boxscores/pbp/202101140POR.html,Portland Trail Blazers,Indiana Pacers,POR,IND,J. Nurkić,M. Turner,M. Brogdon,POR,IND,D. Jones,/players/j/jonesde02.html,IND,POR,J. Nurkić,/players/n/nurkiju01.html,M. Turner,/players/t/turnemy01.html,0
202101150BOS,https://www.basketball-reference.com/boxscores/pbp/202101150BOS.html,Boston Celtics,Orlando Magic,BOS,ORL,T. Thompson,N. Vučević,J. Teague,BOS,ORL,G. Williams,/players/w/willigr01.html,BOS,ORL,T. Thompson,/players/t/thomptr01.html,N. Vučević,/players/v/vucevni01.html,1
202101150CLE,https://www.basketball-reference.com/boxscores/pbp/202101150CLE.html,Cleveland Cavaliers,New York Knicks,CLE,NYK,A. Drummond,M. Robinson,D. Dotson,CLE,NYK,D. Dotson,/players/d/dotsoda01.html,CLE,NYK,A. Drummond,/players/d/drumman01.html,M. Robinson,/players/r/robinmi01.html,1
202101150MIL,https://www.basketball-reference.com/boxscores/pbp/202101150MIL.html,Milwaukee Bucks,Dallas Mavericks,MIL,DAL,B. Lopez,K. Porziņģis,T. Hardaway,MIL,DAL,G. Antetokounmpo,/players/a/antetgi01.html,DAL,MIL,B. Lopez,/players/l/lopezbr01.html,K. Porziņģis,/players/p/porzikr01.html,0
202101150OKC,https://www.basketball-reference.com/boxscores/pbp/202101150OKC.html,Oklahoma City Thunder,Chicago Bulls,OKC,CHI,I. Roby,W. Carter,Z. LaVine,OKC,CHI,S. Gilgeous-Alexander,/players/g/gilgesh01.html,CHI,OKC,I. Roby,/players/r/robyis01.html,W. Carter,/players/c/cartewe01.html,0
202101150UTA,https://www.basketball-reference.com/boxscores/pbp/202101150UTA.html,Utah Jazz,Atlanta Hawks,UTA,ATL,R. Gobert,C. Capela,M. Conley,UTA,ATL,R. O'Neale,/players/o/onealro01.html,UTA,ATL,R. Gobert,/players/g/goberru01.html,C. Capela,/players/c/capelca01.html,1
202101150LAL,https://www.basketball-reference.com/boxscores/pbp/202101150LAL.html,Los Angeles Lakers,New Orleans Pelicans,LAL,NOP,A. Davis,S. Adams,N. Alexander-Walker,NOP,LAL,B. Ingram,/players/i/ingrabr01.html,NOP,LAL,S. Adams,/players/a/adamsst01.html,A. Davis,/players/d/davisan02.html,1
202101150SAC,https://www.basketball-reference.com/boxscores/pbp/202101150SAC.html,Sacramento Kings,Los Angeles Clippers,SAC,LAC,R. Holmes,S. Ibaka,H. Barnes,SAC,LAC,D. Fox,/players/f/foxde01.html,SAC,LAC,R. Holmes,/players/h/holmeri01.html,S. Ibaka,/players/i/ibakase01.html,1
202101160SAS,https://www.basketball-reference.com/boxscores/pbp/202101160SAS.html,San Antonio Spurs,Houston Rockets,SAS,HOU,L. Aldridge,C. Wood,L. Aldridge,HOU,SAS,C. Wood,/players/w/woodch01.html,SAS,HOU,C. Wood,/players/w/woodch01.html,L. Aldridge,/players/a/aldrila01.html,0
202101160BRK,https://www.basketball-reference.com/boxscores/pbp/202101160BRK.html,Brooklyn Nets,Orlando Magic,BRK,ORL,D. Jordan,N. Vučević,J. Harris,BRK,ORL,J. Green,/players/g/greenje02.html,BRK,ORL,D. Jordan,/players/j/jordade01.html,N. Vučević,/players/v/vucevni01.html,1
202101160TOR,https://www.basketball-reference.com/boxscores/pbp/202101160TOR.html,Toronto Raptors,Charlotte Hornets,TOR,CHO,A. Baynes,B. Biyombo,D. Graham,CHO,TOR,P. Washington,/players/w/washipj01.html,CHO,TOR,B. Biyombo,/players/b/biyombi01.html,A. Baynes,/players/b/baynear01.html,1
202101160MEM,https://www.basketball-reference.com/boxscores/pbp/202101160MEM.html,Memphis Grizzlies,Philadelphia 76ers,MEM,PHI,J. Valančiūnas,D. Howard,T. Maxey,PHI,MEM,B. Simmons,/players/s/simmobe01.html,PHI,MEM,D. Howard,/players/h/howardw01.html,J. Valančiūnas,/players/v/valanjo01.html,1
202101160MIA,https://www.basketball-reference.com/boxscores/pbp/202101160MIA.html,Miami Heat,Detroit Pistons,MIA,DET,B. Adebayo,M. Plumlee,B. Adebayo,MIA,DET,G. Vincent,/players/v/vincega01.html,MIA,DET,B. Adebayo,/players/a/adebaba01.html,M. Plumlee,/players/p/plumlma01.html,1
202101160POR,https://www.basketball-reference.com/boxscores/pbp/202101160POR.html,Portland Trail Blazers,Atlanta Hawks,POR,ATL,E. Kanter,C. Capela,E. Kanter,POR,ATL,D. Jones,/players/j/jonesde02.html,POR,ATL,E. Kanter,/players/k/kanteen01.html,C. Capela,/players/c/capelca01.html,1
202101170BOS,https://www.basketball-reference.com/boxscores/pbp/202101170BOS.html,Boston Celtics,New York Knicks,BOS,NYK,T. Thompson,M. Robinson,M. Robinson,BOS,NYK,G. Williams,/players/w/willigr01.html,NYK,BOS,T. Thompson,/players/t/thomptr01.html,M. Robinson,/players/r/robinmi01.html,0
202101170DAL,https://www.basketball-reference.com/boxscores/pbp/202101170DAL.html,Dallas Mavericks,Chicago Bulls,DAL,CHI,K. Porziņģis,W. Carter,W. Cauley-Stein,DAL,CHI,W. Iwundu,/players/i/iwundwe01.html,DAL,CHI,K. Porziņģis,/players/p/porzikr01.html,W. Carter,/players/c/cartewe01.html,1
202101170DEN,https://www.basketball-reference.com/boxscores/pbp/202101170DEN.html,Denver Nuggets,Utah Jazz,DEN,UTA,N. Jokić,R. Gobert,D. Mitchell,UTA,DEN,D. Mitchell,/players/m/mitchdo01.html,UTA,DEN,R. Gobert,/players/g/goberru01.html,N. Jokić,/players/j/jokicni01.html,1
202101170SAC,https://www.basketball-reference.com/boxscores/pbp/202101170SAC.html,Sacramento Kings,New Orleans Pelicans,SAC,NOP,R. Holmes,S. Adams,D. Fox,SAC,NOP,D. Fox,/players/f/foxde01.html,SAC,NOP,R. Holmes,/players/h/holmeri01.html,S. Adams,/players/a/adamsst01.html,1
202101170LAC,https://www.basketball-reference.com/boxscores/pbp/202101170LAC.html,Los Angeles Clippers,Indiana Pacers,LAC,IND,I. Zubac,D. Sabonis,D. McDermott,IND,LAC,J. Holiday,/players/h/holidju01.html,IND,LAC,D. Sabonis,/players/s/sabondo01.html,I. Zubac,/players/z/zubaciv01.html,1
202101180NYK,https://www.basketball-reference.com/boxscores/pbp/202101180NYK.html,New York Knicks,Orlando Magic,NYK,ORL,M. Robinson,N. Vučević,E. Payton,NYK,ORL,E. Payton,/players/p/paytoel01.html,NYK,ORL,M. Robinson,/players/r/robinmi01.html,N. Vučević,/players/v/vucevni01.html,1
202101180ATL,https://www.basketball-reference.com/boxscores/pbp/202101180ATL.html,Atlanta Hawks,Minnesota Timberwolves,ATL,MIN,C. Capela,N. Reid,N. Reid,ATL,MIN,T. Young,/players/y/youngtr01.html,MIN,ATL,C. Capela,/players/c/capelca01.html,N. Reid,/players/r/reidna01.html,0
202101180POR,https://www.basketball-reference.com/boxscores/pbp/202101180POR.html,Portland Trail Blazers,San Antonio Spurs,POR,SAS,E. Kanter,K. Johnson,L. Aldridge,SAS,POR,L. Aldridge,/players/a/aldrila01.html,SAS,POR,K. Johnson,/players/j/johnske04.html,E. Kanter,/players/k/kanteen01.html,1
202101180MEM,https://www.basketball-reference.com/boxscores/pbp/202101180MEM.html,Memphis Grizzlies,Phoenix Suns,MEM,PHO,B. Clarke,D. Ayton,D. Booker,PHO,MEM,C. Paul,/players/p/paulch01.html,PHO,MEM,D. Ayton,/players/a/aytonde01.html,B. Clarke,/players/c/clarkbr01.html,1
202101180BRK,https://www.basketball-reference.com/boxscores/pbp/202101180BRK.html,Brooklyn Nets,Milwaukee Bucks,BRK,MIL,D. Jordan,B. Lopez,J. Harden,MIL,BRK,G. Antetokounmpo,/players/a/antetgi01.html,BRK,MIL,B. Lopez,/players/l/lopezbr01.html,D. Jordan,/players/j/jordade01.html,0
202101180TOR,https://www.basketball-reference.com/boxscores/pbp/202101180TOR.html,Toronto Raptors,Dallas Mavericks,TOR,DAL,A. Baynes,W. Cauley-Stein,K. Porziņģis,TOR,DAL,F. VanVleet,/players/v/vanvlfr01.html,DAL,TOR,A. Baynes,/players/b/baynear01.html,W. Cauley-Stein,/players/c/caulewi01.html,0
202101180CHI,https://www.basketball-reference.com/boxscores/pbp/202101180CHI.html,Chicago Bulls,Houston Rockets,CHI,HOU,W. Carter,C. Wood,G. Temple,CHI,HOU,G. Temple,/players/t/templga01.html,CHI,HOU,W. Carter,/players/c/cartewe01.html,C. Wood,/players/w/woodch01.html,1
202101180MIA,https://www.basketball-reference.com/boxscores/pbp/202101180MIA.html,Miami Heat,Detroit Pistons,MIA,DET,B. Adebayo,M. Plumlee,B. Adebayo,MIA,DET,G. Dragić,/players/d/dragigo01.html,MIA,DET,B. Adebayo,/players/a/adebaba01.html,M. Plumlee,/players/p/plumlma01.html,1
202101180LAL,https://www.basketball-reference.com/boxscores/pbp/202101180LAL.html,Los Angeles Lakers,Golden State Warriors,LAL,GSW,A. Davis,J. Wiseman,D. Schröder,LAL,GSW,L. James,/players/j/jamesle01.html,LAL,GSW,A. Davis,/players/d/davisan02.html,J. Wiseman,/players/w/wisemja01.html,1
202101190DEN,https://www.basketball-reference.com/boxscores/pbp/202101190DEN.html,Denver Nuggets,Oklahoma City Thunder,DEN,OKC,N. Jokić,I. Roby,J. Murray,DEN,OKC,P. Millsap,/players/m/millspa01.html,DEN,OKC,N. Jokić,/players/j/jokicni01.html,I. Roby,/players/r/robyis01.html,1
202101190UTA,https://www.basketball-reference.com/boxscores/pbp/202101190UTA.html,Utah Jazz,New Orleans Pelicans,UTA,NOP,R. Gobert,S. Adams,D. Mitchell,NOP,UTA,L. Ball,/players/b/balllo01.html,UTA,NOP,S. Adams,/players/a/adamsst01.html,R. Gobert,/players/g/goberru01.html,0
202101200CLE,https://www.basketball-reference.com/boxscores/pbp/202101200CLE.html,Cleveland Cavaliers,Brooklyn Nets,CLE,BRK,A. Drummond,D. Jordan,A. Drummond,CLE,BRK,C. Osman,/players/o/osmande01.html,CLE,BRK,A. Drummond,/players/d/drumman01.html,D. Jordan,/players/j/jordade01.html,1
202101200IND,https://www.basketball-reference.com/boxscores/pbp/202101200IND.html,Indiana Pacers,Dallas Mavericks,IND,DAL,D. Sabonis,K. Porziņģis,L. Dončić,IND,DAL,E. Sumner,/players/s/sumneed01.html,DAL,IND,D. Sabonis,/players/s/sabondo01.html,K. Porziņģis,/players/p/porzikr01.html,0
202101200PHI,https://www.basketball-reference.com/boxscores/pbp/202101200PHI.html,Philadelphia 76ers,Boston Celtics,PHI,BOS,J. Embiid,T. Thompson,K. Walker,PHI,BOS,T. Harris,/players/h/harrito02.html,BOS,PHI,J. Embiid,/players/e/embiijo01.html,T. Thompson,/players/t/thomptr01.html,0
202101200ATL,https://www.basketball-reference.com/boxscores/pbp/202101200ATL.html,Atlanta Hawks,Detroit Pistons,ATL,DET,C. Capela,M. Plumlee,C. Capela,ATL,DET,T. Young,/players/y/youngtr01.html,ATL,DET,C. Capela,/players/c/capelca01.html,M. Plumlee,/players/p/plumlma01.html,1
202101200TOR,https://www.basketball-reference.com/boxscores/pbp/202101200TOR.html,Toronto Raptors,Miami Heat,TOR,MIA,A. Baynes,B. Adebayo,K. Lowry,MIA,TOR,G. Dragić,/players/d/dragigo01.html,TOR,MIA,B. Adebayo,/players/a/adebaba01.html,A. Baynes,/players/b/baynear01.html,0
202101200MIN,https://www.basketball-reference.com/boxscores/pbp/202101200MIN.html,Minnesota Timberwolves,Orlando Magic,MIN,ORL,N. Reid,N. Vučević,N. Vučević,ORL,MIN,A. Gordon,/players/g/gordoaa01.html,ORL,MIN,N. Vučević,/players/v/vucevni01.html,N. Reid,/players/r/reidna01.html,1
202101200HOU,https://www.basketball-reference.com/boxscores/pbp/202101200HOU.html,Houston Rockets,Phoenix Suns,HOU,PHO,C. Wood,D. Ayton,E. Gordon,HOU,PHO,V. Oladipo,/players/o/oladivi01.html,HOU,PHO,C. Wood,/players/w/woodch01.html,D. Ayton,/players/a/aytonde01.html,1
202101200GSW,https://www.basketball-reference.com/boxscores/pbp/202101200GSW.html,Golden State Warriors,San Antonio Spurs,GSW,SAS,J. Wiseman,L. Aldridge,J. Wiseman,SAS,GSW,D. Murray,/players/m/murrade01.html,GSW,SAS,L. Aldridge,/players/a/aldrila01.html,J. Wiseman,/players/w/wisemja01.html,0
202101200LAC,https://www.basketball-reference.com/boxscores/pbp/202101200LAC.html,Los Angeles Clippers,Sacramento Kings,LAC,SAC,S. Ibaka,R. Holmes,P. George,LAC,SAC,N. Batum,/players/b/batumni01.html,LAC,SAC,S. Ibaka,/players/i/ibakase01.html,R. Holmes,/players/h/holmeri01.html,1
202101210MIL,https://www.basketball-reference.com/boxscores/pbp/202101210MIL.html,Milwaukee Bucks,Los Angeles Lakers,MIL,LAL,B. Lopez,A. Davis,G. Antetokounmpo,MIL,LAL,G. Antetokounmpo,/players/a/antetgi01.html,MIL,LAL,B. Lopez,/players/l/lopezbr01.html,A. Davis,/players/d/davisan02.html,1
202101210GSW,https://www.basketball-reference.com/boxscores/pbp/202101210GSW.html,Golden State Warriors,New York Knicks,GSW,NYK,J. Wiseman,M. Robinson,R. Barrett,GSW,NYK,D. Green,/players/g/greendr01.html,NYK,GSW,J. Wiseman,/players/w/wisemja01.html,M. Robinson,/players/r/robinmi01.html,0
202101210UTA,https://www.basketball-reference.com/boxscores/pbp/202101210UTA.html,Utah Jazz,New Orleans Pelicans,UTA,NOP,R. Gobert,S. Adams,D. Mitchell,UTA,NOP,R. O'Neale,/players/o/onealro01.html,UTA,NOP,R. Gobert,/players/g/goberru01.html,S. Adams,/players/a/adamsst01.html,1
202101220CHO,https://www.basketball-reference.com/boxscores/pbp/202101220CHO.html,Charlotte Hornets,Chicago Bulls,CHO,CHI,B. Biyombo,D. Gafford,P. Washington,CHO,CHI,D. Graham,/players/g/grahade01.html,CHO,CHI,B. Biyombo,/players/b/biyombi01.html,D. Gafford,/players/g/gaffoda01.html,1
202101220DET,https://www.basketball-reference.com/boxscores/pbp/202101220DET.html,Detroit Pistons,Houston Rockets,DET,HOU,M. Plumlee,D. Cousins,D. Cousins,HOU,DET,P. Tucker,/players/t/tuckepj01.html,HOU,DET,D. Cousins,/players/c/couside01.html,M. Plumlee,/players/p/plumlma01.html,1
202101220IND,https://www.basketball-reference.com/boxscores/pbp/202101220IND.html,Indiana Pacers,Orlando Magic,IND,ORL,M. Turner,N. Vučević,A. Gordon,IND,ORL,J. Holiday,/players/h/holidju01.html,ORL,IND,M. Turner,/players/t/turnemy01.html,N. Vučević,/players/v/vucevni01.html,0
202101220CLE,https://www.basketball-reference.com/boxscores/pbp/202101220CLE.html,Cleveland Cavaliers,Brooklyn Nets,CLE,BRK,A. Drummond,D. Jordan,K. Irving,BRK,CLE,K. Irving,/players/i/irvinky01.html,BRK,CLE,D. Jordan,/players/j/jordade01.html,A. Drummond,/players/d/drumman01.html,1
202101220PHI,https://www.basketball-reference.com/boxscores/pbp/202101220PHI.html,Philadelphia 76ers,Boston Celtics,PHI,BOS,J. Embiid,T. Thompson,J. Embiid,PHI,BOS,T. Harris,/players/h/harrito02.html,PHI,BOS,J. Embiid,/players/e/embiijo01.html,T. Thompson,/players/t/thomptr01.html,1
202101220TOR,https://www.basketball-reference.com/boxscores/pbp/202101220TOR.html,Toronto Raptors,Miami Heat,TOR,MIA,A. Baynes,B. Adebayo,P. Siakam,TOR,MIA,P. Siakam,/players/s/siakapa01.html,TOR,MIA,A. Baynes,/players/b/baynear01.html,B. Adebayo,/players/a/adebaba01.html,1
202101220MIN,https://www.basketball-reference.com/boxscores/pbp/202101220MIN.html,Minnesota Timberwolves,Atlanta Hawks,MIN,ATL,N. Reid,C. Capela,D. Hunter,MIN,ATL,D. Russell,/players/r/russeda01.html,ATL,MIN,N. Reid,/players/r/reidna01.html,C. Capela,/players/c/capelca01.html,0
202101220SAS,https://www.basketball-reference.com/boxscores/pbp/202101220SAS.html,San Antonio Spurs,Dallas Mavericks,SAS,DAL,L. Aldridge,K. Porziņģis,K. Porziņģis,DAL,SAS,L. Dončić,/players/d/doncilu01.html,DAL,SAS,K. Porziņģis,/players/p/porzikr01.html,L. Aldridge,/players/a/aldrila01.html,1
202101220LAC,https://www.basketball-reference.com/boxscores/pbp/202101220LAC.html,Los Angeles Clippers,Oklahoma City Thunder,LAC,OKC,S. Ibaka,I. Roby,G. Hill,OKC,LAC,S. Gilgeous-Alexander,/players/g/gilgesh01.html,OKC,LAC,I. Roby,/players/r/robyis01.html,S. Ibaka,/players/i/ibakase01.html,1
202101220PHO,https://www.basketball-reference.com/boxscores/pbp/202101220PHO.html,Phoenix Suns,Denver Nuggets,PHO,DEN,D. Ayton,N. Jokić,N. Jokić,PHO,DEN,C. Paul,/players/p/paulch01.html,DEN,PHO,D. Ayton,/players/a/aytonde01.html,N. Jokić,/players/j/jokicni01.html,0
202101220SAC,https://www.basketball-reference.com/boxscores/pbp/202101220SAC.html,Sacramento Kings,New York Knicks,SAC,NYK,R. Holmes,M. Robinson,D. Fox,SAC,NYK,D. Fox,/players/f/foxde01.html,SAC,NYK,R. Holmes,/players/h/holmeri01.html,M. Robinson,/players/r/robinmi01.html,1
202101230BRK,https://www.basketball-reference.com/boxscores/pbp/202101230BRK.html,Brooklyn Nets,Miami Heat,BRK,MIA,D. Jordan,B. Adebayo,J. Harris,MIA,BRK,G. Dragić,/players/d/dragigo01.html,BRK,MIA,B. Adebayo,/players/a/adebaba01.html,D. Jordan,/players/j/jordade01.html,0
202101230DET,https://www.basketball-reference.com/boxscores/pbp/202101230DET.html,Detroit Pistons,Philadelphia 76ers,DET,PHI,M. Plumlee,J. Embiid,J. Embiid,PHI,DET,S. Curry,/players/c/curryse01.html,PHI,DET,J. Embiid,/players/e/embiijo01.html,M. Plumlee,/players/p/plumlma01.html,1
202101230MIN,https://www.basketball-reference.com/boxscores/pbp/202101230MIN.html,Minnesota Timberwolves,New Orleans Pelicans,MIN,NOP,N. Reid,S. Adams,M. Beasley,MIN,NOP,M. Beasley,/players/b/beaslma01.html,MIN,NOP,N. Reid,/players/r/reidna01.html,S. Adams,/players/a/adamsst01.html,1
202101230CHI,https://www.basketball-reference.com/boxscores/pbp/202101230CHI.html,Chicago Bulls,Los Angeles Lakers,CHI,LAL,D. Gafford,A. Davis,A. Davis,LAL,CHI,D. Schröder,/players/s/schrode01.html,LAL,CHI,A. Davis,/players/d/davisan02.html,D. Gafford,/players/g/gaffoda01.html,1
202101230DAL,https://www.basketball-reference.com/boxscores/pbp/202101230DAL.html,Dallas Mavericks,Houston Rockets,DAL,HOU,W. Cauley-Stein,D. Cousins,D. Cousins,HOU,DAL,P. Tucker,/players/t/tuckepj01.html,HOU,DAL,D. Cousins,/players/c/couside01.html,W. Cauley-Stein,/players/c/caulewi01.html,1
202101230PHO,https://www.basketball-reference.com/boxscores/pbp/202101230PHO.html,Phoenix Suns,Denver Nuggets,PHO,DEN,D. Ayton,N. Jokić,D. Ayton,DEN,PHO,P. Millsap,/players/m/millspa01.html,PHO,DEN,N. Jokić,/players/j/jokicni01.html,D. Ayton,/players/a/aytonde01.html,0
202101230UTA,https://www.basketball-reference.com/boxscores/pbp/202101230UTA.html,Utah Jazz,Golden State Warriors,UTA,GSW,R. Gobert,J. Wiseman,R. O'Neale,UTA,GSW,R. O'Neale,/players/o/onealro01.html,UTA,GSW,R. Gobert,/players/g/goberru01.html,J. Wiseman,/players/w/wisemja01.html,1
202101240IND,https://www.basketball-reference.com/boxscores/pbp/202101240IND.html,Indiana Pacers,Toronto Raptors,IND,TOR,M. Turner,A. Baynes,A. Baynes,TOR,IND,F. VanVleet,/players/v/vanvlfr01.html,TOR,IND,A. Baynes,/players/b/baynear01.html,M. Turner,/players/t/turnemy01.html,1
202101240LAC,https://www.basketball-reference.com/boxscores/pbp/202101240LAC.html,Los Angeles Clippers,Oklahoma City Thunder,LAC,OKC,S. Ibaka,I. Roby,S. Ibaka,LAC,OKC,P. Beverley,/players/b/beverpa01.html,LAC,OKC,S. Ibaka,/players/i/ibakase01.html,I. Roby,/players/r/robyis01.html,1
202101240BOS,https://www.basketball-reference.com/boxscores/pbp/202101240BOS.html,Boston Celtics,Cleveland Cavaliers,BOS,CLE,T. Thompson,A. Drummond,A. Drummond,CLE,BOS,C. Osman,/players/o/osmande01.html,CLE,BOS,A. Drummond,/players/d/drumman01.html,T. Thompson,/players/t/thomptr01.html,1
202101240ORL,https://www.basketball-reference.com/boxscores/pbp/202101240ORL.html,Orlando Magic,Charlotte Hornets,ORL,CHO,N. Vučević,B. Biyombo,N. Vučević,CHO,ORL,P. Washington,/players/w/washipj01.html,ORL,CHO,B. Biyombo,/players/b/biyombi01.html,N. Vučević,/players/v/vucevni01.html,0
202101240MIL,https://www.basketball-reference.com/boxscores/pbp/202101240MIL.html,Milwaukee Bucks,Atlanta Hawks,MIL,ATL,B. Lopez,J. Collins,G. Antetokounmpo,MIL,ATL,G. Antetokounmpo,/players/a/antetgi01.html,MIL,ATL,B. Lopez,/players/l/lopezbr01.html,J. Collins,/players/c/collijo01.html,1
202101240SAS,https://www.basketball-reference.com/boxscores/pbp/202101240SAS.html,San Antonio Spurs,Washington Wizards,SAS,WAS,L. Aldridge,R. Lopez,J. Robinson,SAS,WAS,D. Murray,/players/m/murrade01.html,WAS,SAS,L. Aldridge,/players/a/aldrila01.html,R. Lopez,/players/l/lopezro01.html,0
202101240POR,https://www.basketball-reference.com/boxscores/pbp/202101240POR.html,Portland Trail Blazers,New York Knicks,POR,NYK,E. Kanter,M. Robinson,R. Barrett,NYK,POR,J. Randle,/players/r/randlju01.html,NYK,POR,M. Robinson,/players/r/robinmi01.html,E. Kanter,/players/k/kanteen01.html,1
202101250DET,https://www.basketball-reference.com/boxscores/pbp/202101250DET.html,Detroit Pistons,Philadelphia 76ers,DET,PHI,B. Griffin,D. Howard,W. Ellington,DET,PHI,B. Griffin,/players/g/griffbl01.html,DET,PHI,B. Griffin,/players/g/griffbl01.html,D. Howard,/players/h/howardw01.html,1
202101250IND,https://www.basketball-reference.com/boxscores/pbp/202101250IND.html,Indiana Pacers,Toronto Raptors,IND,TOR,M. Turner,A. Baynes,A. Baynes,IND,TOR,D. Sabonis,/players/s/sabondo01.html,TOR,IND,M. Turner,/players/t/turnemy01.html,A. Baynes,/players/b/baynear01.html,0
202101250ORL,https://www.basketball-reference.com/boxscores/pbp/202101250ORL.html,Orlando Magic,Charlotte Hornets,ORL,CHO,N. Vučević,B. Biyombo,T. Rozier,CHO,ORL,D. Graham,/players/g/grahade01.html,CHO,ORL,B. Biyombo,/players/b/biyombi01.html,N. Vučević,/players/v/vucevni01.html,1
202101250BRK,https://www.basketball-reference.com/boxscores/pbp/202101250BRK.html,Brooklyn Nets,Miami Heat,BRK,MIA,D. Jordan,B. Adebayo,D. Robinson,MIA,BRK,G. Dragić,/players/d/dragigo01.html,MIA,BRK,B. Adebayo,/players/a/adebaba01.html,D. Jordan,/players/j/jordade01.html,1
202101250CLE,https://www.basketball-reference.com/boxscores/pbp/202101250CLE.html,Cleveland Cavaliers,Los Angeles Lakers,CLE,LAL,A. Drummond,A. Davis,K. Caldwell-Pope,CLE,LAL,C. Sexton,/players/s/sextoco01.html,LAL,CLE,A. Drummond,/players/d/drumman01.html,A. Davis,/players/d/davisan02.html,0
202101250DAL,https://www.basketball-reference.com/boxscores/pbp/202101250DAL.html,Dallas Mavericks,Denver Nuggets,DAL,DEN,K. Porziņģis,N. Jokić,G. Harris,DAL,DEN,J. Brunson,/players/b/brunsja01.html,DEN,DAL,K. Porziņģis,/players/p/porzikr01.html,N. Jokić,/players/j/jokicni01.html,0
202101250CHI,https://www.basketball-reference.com/boxscores/pbp/202101250CHI.html,Chicago Bulls,Boston Celtics,CHI,BOS,D. Gafford,T. Thompson,J. Brown,BOS,CHI,J. Brown,/players/b/brownja02.html,BOS,CHI,T. Thompson,/players/t/thomptr01.html,D. Gafford,/players/g/gaffoda01.html,1
202101250GSW,https://www.basketball-reference.com/boxscores/pbp/202101250GSW.html,Golden State Warriors,Minnesota Timberwolves,GSW,MIN,K. Looney,N. Reid,A. Wiggins,MIN,GSW,J. Vanderbilt,/players/v/vandeja01.html,GSW,MIN,N. Reid,/players/r/reidna01.html,K. Looney,/players/l/looneke01.html,0
202101250POR,https://www.basketball-reference.com/boxscores/pbp/202101250POR.html,Portland Trail Blazers,Oklahoma City Thunder,POR,OKC,E. Kanter,I. Roby,D. Jones,OKC,POR,S. Gilgeous-Alexander,/players/g/gilgesh01.html,POR,OKC,I. Roby,/players/r/robyis01.html,E. Kanter,/players/k/kanteen01.html,0
202101260ATL,https://www.basketball-reference.com/boxscores/pbp/202101260ATL.html,Atlanta Hawks,Los Angeles Clippers,ATL,LAC,C. Capela,S. Ibaka,L. Kennard,ATL,LAC,J. Collins,/players/c/collijo01.html,LAC,ATL,C. Capela,/players/c/capelca01.html,S. Ibaka,/players/i/ibakase01.html,0
202101260HOU,https://www.basketball-reference.com/boxscores/pbp/202101260HOU.html,Houston Rockets,Washington Wizards,HOU,WAS,D. Cousins,R. Lopez,R. Lopez,WAS,HOU,A. Gill,/players/g/gillan01.html,WAS,HOU,R. Lopez,/players/l/lopezro01.html,D. Cousins,/players/c/couside01.html,1
202101260UTA,https://www.basketball-reference.com/boxscores/pbp/202101260UTA.html,Utah Jazz,New York Knicks,UTA,NYK,R. Gobert,M. Robinson,J. Randle,NYK,UTA,E. Payton,/players/p/paytoel01.html,NYK,UTA,M. Robinson,/players/r/robinmi01.html,R. Gobert,/players/g/goberru01.html,1
202101270CHO,https://www.basketball-reference.com/boxscores/pbp/202101270CHO.html,Charlotte Hornets,Indiana Pacers,CHO,IND,C. Zeller,M. Turner,D. Graham,IND,CHO,D. Sabonis,/players/s/sabondo01.html,CHO,IND,M. Turner,/players/t/turnemy01.html,C. Zeller,/players/z/zelleco01.html,0
202101270CLE,https://www.basketball-reference.com/boxscores/pbp/202101270CLE.html,Cleveland Cavaliers,Detroit Pistons,CLE,DET,A. Drummond,M. Plumlee,A. Drummond,CLE,DET,C. Osman,/players/o/osmande01.html,CLE,DET,A. Drummond,/players/d/drumman01.html,M. Plumlee,/players/p/plumlma01.html,1
202101270ORL,https://www.basketball-reference.com/boxscores/pbp/202101270ORL.html,Orlando Magic,Sacramento Kings,ORL,SAC,N. Vučević,R. Holmes,M. Bagley,SAC,ORL,D. Fox,/players/f/foxde01.html,SAC,ORL,R. Holmes,/players/h/holmeri01.html,N. Vučević,/players/v/vucevni01.html,1
202101270ATL,https://www.basketball-reference.com/boxscores/pbp/202101270ATL.html,Atlanta Hawks,Brooklyn Nets,ATL,BRK,C. Capela,D. Jordan,T. Young,ATL,BRK,T. Young,/players/y/youngtr01.html,ATL,BRK,C. Capela,/players/c/capelca01.html,D. Jordan,/players/j/jordade01.html,1
202101270MIA,https://www.basketball-reference.com/boxscores/pbp/202101270MIA.html,Miami Heat,Denver Nuggets,MIA,DEN,B. Adebayo,N. Jokić,N. Jokić,DEN,MIA,P. Millsap,/players/m/millspa01.html,DEN,MIA,N. Jokić,/players/j/jokicni01.html,B. Adebayo,/players/a/adebaba01.html,1
202101270PHI,https://www.basketball-reference.com/boxscores/pbp/202101270PHI.html,Philadelphia 76ers,Los Angeles Lakers,PHI,LAL,J. Embiid,A. Davis,B. Simmons,LAL,PHI,L. James,/players/j/jamesle01.html,PHI,LAL,A. Davis,/players/d/davisan02.html,J. Embiid,/players/e/embiijo01.html,0
202101270TOR,https://www.basketball-reference.com/boxscores/pbp/202101270TOR.html,Toronto Raptors,Milwaukee Bucks,TOR,MIL,A. Baynes,B. Lopez,D. DiVincenzo,MIL,TOR,G. Antetokounmpo,/players/a/antetgi01.html,MIL,TOR,B. Lopez,/players/l/lopezbr01.html,A. Baynes,/players/b/baynear01.html,1
202101270SAS,https://www.basketball-reference.com/boxscores/pbp/202101270SAS.html,San Antonio Spurs,Boston Celtics,SAS,BOS,L. Aldridge,D. Theis,L. Aldridge,SAS,BOS,K. Johnson,/players/j/johnske04.html,SAS,BOS,L. Aldridge,/players/a/aldrila01.html,D. Theis,/players/t/theisda01.html,1
202101270NOP,https://www.basketball-reference.com/boxscores/pbp/202101270NOP.html,New Orleans Pelicans,Washington Wizards,NOP,WAS,S. Adams,R. Lopez,Z. Williamson,WAS,NOP,R. Neto,/players/n/netora01.html,NOP,WAS,R. Lopez,/players/l/lopezro01.html,S. Adams,/players/a/adamsst01.html,0
202101270PHO,https://www.basketball-reference.com/boxscores/pbp/202101270PHO.html,Phoenix Suns,Oklahoma City Thunder,PHO,OKC,D. Ayton,A. Horford,C. Paul,OKC,PHO,S. Gilgeous-Alexander,/players/g/gilgesh01.html,PHO,OKC,A. Horford,/players/h/horfoal01.html,D. Ayton,/players/a/aytonde01.html,0
202101270UTA,https://www.basketball-reference.com/boxscores/pbp/202101270UTA.html,Utah Jazz,Dallas Mavericks,UTA,DAL,R. Gobert,K. Porziņģis,B. Bogdanović,UTA,DAL,R. O'Neale,/players/o/onealro01.html,UTA,DAL,R. Gobert,/players/g/goberru01.html,K. Porziņģis,/players/p/porzikr01.html,1
202101270GSW,https://www.basketball-reference.com/boxscores/pbp/202101270GSW.html,Golden State Warriors,Minnesota Timberwolves,GSW,MIN,K. Looney,N. Reid,N. Reid,GSW,MIN,D. Green,/players/g/greendr01.html,MIN,GSW,K. Looney,/players/l/looneke01.html,N. Reid,/players/r/reidna01.html,0
202101280HOU,https://www.basketball-reference.com/boxscores/pbp/202101280HOU.html,Houston Rockets,Portland Trail Blazers,HOU,POR,C. Wood,E. Kanter,C. Anthony,HOU,POR,J. Wall,/players/w/walljo01.html,POR,HOU,C. Wood,/players/w/woodch01.html,E. Kanter,/players/k/kanteen01.html,0
202101280DET,https://www.basketball-reference.com/boxscores/pbp/202101280DET.html,Detroit Pistons,Los Angeles Lakers,DET,LAL,M. Plumlee,M. Gasol,K. Kuzma,DET,LAL,B. Griffin,/players/g/griffbl01.html,LAL,DET,M. Plumlee,/players/p/plumlma01.html,M. Gasol,/players/g/gasolma01.html,0
202101280MIA,https://www.basketball-reference.com/boxscores/pbp/202101280MIA.html,Miami Heat,Los Angeles Clippers,MIA,LAC,B. Adebayo,S. Ibaka,D. Robinson,MIA,LAC,K. Olynyk,/players/o/olynyke01.html,MIA,LAC,B. Adebayo,/players/a/adebaba01.html,S. Ibaka,/players/i/ibakase01.html,1
202101280PHO,https://www.basketball-reference.com/boxscores/pbp/202101280PHO.html,Phoenix Suns,Golden State Warriors,PHO,GSW,D. Ayton,K. Looney,C. Paul,GSW,PHO,A. Wiggins,/players/w/wiggian01.html,PHO,GSW,K. Looney,/players/l/looneke01.html,D. Ayton,/players/a/aytonde01.html,0
202101290CHO,https://www.basketball-reference.com/boxscores/pbp/202101290CHO.html,Charlotte Hornets,Indiana Pacers,CHO,IND,C. Zeller,M. Turner,M. Brogdon,IND,CHO,J. Holiday,/players/h/holidju01.html,IND,CHO,M. Turner,/players/t/turnemy01.html,C. Zeller,/players/z/zelleco01.html,1
202101290WAS,https://www.basketball-reference.com/boxscores/pbp/202101290WAS.html,Washington Wizards,Atlanta Hawks,WAS,ATL,R. Lopez,C. Capela,R. Westbrook,WAS,ATL,R. Westbrook,/players/w/westbru01.html,WAS,ATL,R. Lopez,/players/l/lopezro01.html,C. Capela,/players/c/capelca01.html,1
202101290NOP,https://www.basketball-reference.com/boxscores/pbp/202101290NOP.html,New Orleans Pelicans,Milwaukee Bucks,NOP,MIL,S. Adams,B. Lopez,E. Bledsoe,NOP,MIL,Z. Williamson,/players/w/willizi01.html,NOP,MIL,S. Adams,/players/a/adamsst01.html,B. Lopez,/players/l/lopezbr01.html,1
202101290NYK,https://www.basketball-reference.com/boxscores/pbp/202101290NYK.html,New York Knicks,Cleveland Cavaliers,NYK,CLE,M. Robinson,A. Drummond,L. Nance,CLE,NYK,D. Garland,/players/g/garlada01.html,CLE,NYK,A. Drummond,/players/d/drumman01.html,M. Robinson,/players/r/robinmi01.html,1
202101290TOR,https://www.basketball-reference.com/boxscores/pbp/202101290TOR.html,Toronto Raptors,Sacramento Kings,TOR,SAC,A. Baynes,R. Holmes,A. Baynes,TOR,SAC,P. Siakam,/players/s/siakapa01.html,TOR,SAC,A. Baynes,/players/b/baynear01.html,R. Holmes,/players/h/holmeri01.html,1
202101290MIN,https://www.basketball-reference.com/boxscores/pbp/202101290MIN.html,Minnesota Timberwolves,Philadelphia 76ers,MIN,PHI,E. Davis,J. Embiid,A. Edwards,PHI,MIN,B. Simmons,/players/s/simmobe01.html,MIN,PHI,J. Embiid,/players/e/embiijo01.html,E. Davis,/players/d/davised01.html,0
202101290OKC,https://www.basketball-reference.com/boxscores/pbp/202101290OKC.html,Oklahoma City Thunder,Brooklyn Nets,OKC,BRK,A. Horford,D. Jordan,A. Horford,OKC,BRK,S. Gilgeous-Alexander,/players/g/gilgesh01.html,OKC,BRK,A. Horford,/players/h/horfoal01.html,D. Jordan,/players/j/jordade01.html,1
202101290ORL,https://www.basketball-reference.com/boxscores/pbp/202101290ORL.html,Orlando Magic,Los Angeles Clippers,ORL,LAC,N. Vučević,S. Ibaka,E. Fournier,LAC,ORL,K. Leonard,/players/l/leonaka01.html,ORL,LAC,S. Ibaka,/players/i/ibakase01.html,N. Vučević,/players/v/vucevni01.html,0
202101290SAS,https://www.basketball-reference.com/boxscores/pbp/202101290SAS.html,San Antonio Spurs,Denver Nuggets,SAS,DEN,L. Aldridge,N. Jokić,D. Murray,SAS,DEN,K. Johnson,/players/j/johnske04.html,SAS,DEN,L. Aldridge,/players/a/aldrila01.html,N. Jokić,/players/j/jokicni01.html,1
202101290UTA,https://www.basketball-reference.com/boxscores/pbp/202101290UTA.html,Utah Jazz,Dallas Mavericks,UTA,DAL,R. Gobert,K. Porziņģis,R. Gobert,UTA,DAL,R. O'Neale,/players/o/onealro01.html,UTA,DAL,R. Gobert,/players/g/goberru01.html,K. Porziņģis,/players/p/porzikr01.html,1
202101300CHI,https://www.basketball-reference.com/boxscores/pbp/202101300CHI.html,Chicago Bulls,Portland Trail Blazers,CHI,POR,D. Gafford,E. Kanter,P. Williams,CHI,POR,L. Markkanen,/players/m/markkla01.html,CHI,POR,D. Gafford,/players/g/gaffoda01.html,E. Kanter,/players/k/kanteen01.html,1
202101300CHO,https://www.basketball-reference.com/boxscores/pbp/202101300CHO.html,Charlotte Hornets,Milwaukee Bucks,CHO,MIL,C. Zeller,B. Lopez,J. Holiday,MIL,CHO,G. Antetokounmpo,/players/a/antetgi01.html,MIL,CHO,B. Lopez,/players/l/lopezbr01.html,C. Zeller,/players/z/zelleco01.html,1
202101300MIA,https://www.basketball-reference.com/boxscores/pbp/202101300MIA.html,Miami Heat,Sacramento Kings,MIA,SAC,B. Adebayo,R. Holmes,T. Herro,MIA,SAC,D. Robinson,/players/r/robindu01.html,MIA,SAC,B. Adebayo,/players/a/adebaba01.html,R. Holmes,/players/h/holmeri01.html,1
202101300NOP,https://www.basketball-reference.com/boxscores/pbp/202101300NOP.html,New Orleans Pelicans,Houston Rockets,NOP,HOU,S. Adams,C. Wood,S. Adams,NOP,HOU,Z. Williamson,/players/w/willizi01.html,NOP,HOU,S. Adams,/players/a/adamsst01.html,C. Wood,/players/w/woodch01.html,1
202101300BOS,https://www.basketball-reference.com/boxscores/pbp/202101300BOS.html,Boston Celtics,Los Angeles Lakers,BOS,LAL,D. Theis,A. Davis,J. Tatum,LAL,BOS,L. James,/players/j/jamesle01.html,BOS,LAL,A. Davis,/players/d/davisan02.html,D. Theis,/players/t/theisda01.html,0
202101300SAS,https://www.basketball-reference.com/boxscores/pbp/202101300SAS.html,San Antonio Spurs,Memphis Grizzlies,SAS,MEM,L. Aldridge,X. Tillman,L. Aldridge,MEM,SAS,D. Brooks,/players/b/brookdi01.html,SAS,MEM,X. Tillman,/players/t/tillmxa01.html,L. Aldridge,/players/a/aldrila01.html,0
202101300DAL,https://www.basketball-reference.com/boxscores/pbp/202101300DAL.html,Dallas Mavericks,Phoenix Suns,DAL,PHO,W. Cauley-Stein,D. Ayton,T. Hardaway,DAL,PHO,L. Dončić,/players/d/doncilu01.html,DAL,PHO,W. Cauley-Stein,/players/c/caulewi01.html,D. Ayton,/players/a/aytonde01.html,1
202101300GSW,https://www.basketball-reference.com/boxscores/pbp/202101300GSW.html,Golden State Warriors,Detroit Pistons,GSW,DET,K. Looney,M. Plumlee,K. Oubre,GSW,DET,D. Green,/players/g/greendr01.html,GSW,DET,K. Looney,/players/l/looneke01.html,M. Plumlee,/players/p/plumlma01.html,1
202101310NYK,https://www.basketball-reference.com/boxscores/pbp/202101310NYK.html,New York Knicks,Los Angeles Clippers,NYK,LAC,M. Robinson,S. Ibaka,R. Barrett,NYK,LAC,J. Randle,/players/r/randlju01.html,NYK,LAC,M. Robinson,/players/r/robinmi01.html,S. Ibaka,/players/i/ibakase01.html,1
202101310DEN,https://www.basketball-reference.com/boxscores/pbp/202101310DEN.html,Denver Nuggets,Utah Jazz,DEN,UTA,N. Jokić,R. Gobert,N. Jokić,DEN,UTA,P. Millsap,/players/m/millspa01.html,DEN,UTA,N. Jokić,/players/j/jokicni01.html,R. Gobert,/players/g/goberru01.html,1
202101310IND,https://www.basketball-reference.com/boxscores/pbp/202101310IND.html,Indiana Pacers,Philadelphia 76ers,IND,PHI,M. Turner,T. Bradley,S. Curry,IND,PHI,M. Brogdon,/players/b/brogdma01.html,PHI,IND,M. Turner,/players/t/turnemy01.html,T. Bradley,/players/b/bradlto01.html,0
202101310TOR,https://www.basketball-reference.com/boxscores/pbp/202101310TOR.html,Toronto Raptors,Orlando Magic,TOR,ORL,A. Baynes,N. Vučević,F. VanVleet,TOR,ORL,F. VanVleet,/players/v/vanvlfr01.html,TOR,ORL,A. Baynes,/players/b/baynear01.html,N. Vučević,/players/v/vucevni01.html,1
202101310WAS,https://www.basketball-reference.com/boxscores/pbp/202101310WAS.html,Washington Wizards,Brooklyn Nets,WAS,BRK,R. Lopez,D. Jordan,K. Durant,BRK,WAS,K. Irving,/players/i/irvinky01.html,BRK,WAS,D. Jordan,/players/j/jordade01.html,R. Lopez,/players/l/lopezro01.html,1
202101310MIN,https://www.basketball-reference.com/boxscores/pbp/202101310MIN.html,Minnesota Timberwolves,Cleveland Cavaliers,MIN,CLE,E. Davis,A. Drummond,D. Russell,CLE,MIN,I. Okoro,/players/o/okorois01.html,MIN,CLE,A. Drummond,/players/d/drumman01.html,E. Davis,/players/d/davised01.html,0
