Game Code,Full Hyperlink,Home Team,Away Team,Home Team Short,Away Team Short,Home Tipper,Away Tipper,First Scorer,Tipoff Winning Team,Tipoff Losing Team,Possession Gaining Player,Possession Gaining Player Link,First Scoring Team,Tipoff Winner,Tipoff Loser,Tipoff Winner Scores
202012220LAL,https://www.basketball-reference.com/boxscores/pbp/202012220LAL.html,Los Angeles Lakers,Los Angeles Clippers,LAL,LAC,A. Davis,S. Ibaka,P. Beverley,LAL,LAC,L. James,/players/j/jamesle01.html,LAC,A. Davis,S. Ibaka,0
202012230CLE,https://www.basketball-reference.com/boxscores/pbp/202012230CLE.html,Cleveland Cavaliers,Charlotte Hornets,CLE,CHO,A. Drummond,C. Zeller,C. Sexton,CHO,CLE,T. Rozier,/players/r/roziete01.html,CLE,C. Zeller,A. Drummond,0
202012230IND,https://www.basketball-reference.com/boxscores/pbp/202012230IND.html,Indiana Pacers,New York Knicks,IND,NYK,M. Turner,M. Robinson,V. Oladipo,IND,NYK,D. Sabonis,/players/s/sabondo01.html,IND,M. Turner,M. Robinson,1
202012230ORL,https://www.basketball-reference.com/boxscores/pbp/202012230ORL.html,Orlando Magic,Miami Heat,ORL,MIA,,,,,,,,,
202012230PHI,https://www.basketball-reference.com/boxscores/pbp/202012230PHI.html,Philadelphia 76ers,Washington Wizards,PHI,WAS,J. Embiid,T. Bryant,B. Beal,PHI,WAS,S. Curry,/players/c/curryse01.html,WAS,J. Embiid,T. Bryant,0
202012230TOR,https://www.basketball-reference.com/boxscores/pbp/202012230TOR.html,Toronto Raptors,New Orleans Pelicans,TOR,NOP,A. Baynes,S. Adams,B. Ingram,NOP,TOR,L. Ball,/players/b/balllo01.html,NOP,S. Adams,A. Baynes,1
202012230BOS,https://www.basketball-reference.com/boxscores/pbp/202012230BOS.html,Boston Celtics,Milwaukee Bucks,BOS,MIL,T. Thompson,B. Lopez,T. Thompson,MIL,BOS,G. Antetokounmpo,/players/a/antetgi01.html,BOS,B. Lopez,T. Thompson,0
202012230CHI,https://www.basketball-reference.com/boxscores/pbp/202012230CHI.html,Chicago Bulls,Atlanta Hawks,CHI,ATL,W. Carter,J. Collins,L. Markkanen,CHI,ATL,L. Markkanen,/players/m/markkla01.html,CHI,W. Carter,J. Collins,1
202012230MEM,https://www.basketball-reference.com/boxscores/pbp/202012230MEM.html,Memphis Grizzlies,San Antonio Spurs,MEM,SAS,J. Valančiūnas,L. Aldridge,J. Valančiūnas,MEM,SAS,G. Allen,/players/a/allengr01.html,MEM,J. Valančiūnas,L. Aldridge,1
202012230MIN,https://www.basketball-reference.com/boxscores/pbp/202012230MIN.html,Minnesota Timberwolves,Detroit Pistons,MIN,DET,K. Towns,M. Plumlee,D. Wright,MIN,DET,J. Okogie,/players/o/okogijo01.html,DET,K. Towns,M. Plumlee,0
202012230DEN,https://www.basketball-reference.com/boxscores/pbp/202012230DEN.html,Denver Nuggets,Sacramento Kings,DEN,SAC,N. Jokić,M. Bagley,G. Harris,DEN,SAC,J. Murray,/players/m/murraja01.html,DEN,N. Jokić,M. Bagley,1
202012230POR,https://www.basketball-reference.com/boxscores/pbp/202012230POR.html,Portland Trail Blazers,Utah Jazz,POR,UTA,J. Nurkić,R. Gobert,C. McCollum,POR,UTA,D. Lillard,/players/l/lillada01.html,POR,J. Nurkić,R. Gobert,1
202012230PHO,https://www.basketball-reference.com/boxscores/pbp/202012230PHO.html,Phoenix Suns,Dallas Mavericks,PHO,DAL,D. Ayton,D. Powell,D. Booker,PHO,DAL,J. Crowder,/players/c/crowdja01.html,PHO,D. Ayton,D. Powell,1
202012250MIA,https://www.basketball-reference.com/boxscores/pbp/202012250MIA.html,Miami Heat,New Orleans Pelicans,MIA,NOP,B. Adebayo,S. Adams,D. Robinson,MIA,NOP,M. Leonard,/players/l/leoname01.html,MIA,B. Adebayo,S. Adams,1
202012250MIL,https://www.basketball-reference.com/boxscores/pbp/202012250MIL.html,Milwaukee Bucks,Golden State Warriors,MIL,GSW,B. Lopez,J. Wiseman,J. Wiseman,GSW,MIL,S. Curry,/players/c/curryst01.html,GSW,J. Wiseman,B. Lopez,1
202012250BOS,https://www.basketball-reference.com/boxscores/pbp/202012250BOS.html,Boston Celtics,Brooklyn Nets,BOS,BRK,T. Thompson,D. Jordan,J. Harris,BRK,BOS,K. Irving,/players/i/irvinky01.html,BRK,D. Jordan,T. Thompson,1
202012250LAL,https://www.basketball-reference.com/boxscores/pbp/202012250LAL.html,Los Angeles Lakers,Dallas Mavericks,LAL,DAL,A. Davis,D. Powell,D. Finney-Smith,DAL,LAL,D. Finney-Smith,/players/f/finnedo01.html,DAL,D. Powell,A. Davis,1
202012250DEN,https://www.basketball-reference.com/boxscores/pbp/202012250DEN.html,Denver Nuggets,Los Angeles Clippers,DEN,LAC,N. Jokić,S. Ibaka,N. Batum,DEN,LAC,P. Millsap,/players/m/millspa01.html,LAC,N. Jokić,S. Ibaka,0
202012260MEM,https://www.basketball-reference.com/boxscores/pbp/202012260MEM.html,Memphis Grizzlies,Atlanta Hawks,MEM,ATL,J. Valančiūnas,J. Collins,D. Brooks,ATL,MEM,T. Young,/players/y/youngtr01.html,MEM,J. Collins,J. Valančiūnas,0
202012260CHO,https://www.basketball-reference.com/boxscores/pbp/202012260CHO.html,Charlotte Hornets,Oklahoma City Thunder,CHO,OKC,B. Biyombo,A. Horford,D. Bazley,OKC,CHO,G. Hill,/players/h/hillge01.html,OKC,A. Horford,B. Biyombo,1
202012260DET,https://www.basketball-reference.com/boxscores/pbp/202012260DET.html,Detroit Pistons,Cleveland Cavaliers,DET,CLE,M. Plumlee,A. Drummond,J. Grant,CLE,DET,C. Sexton,/players/s/sextoco01.html,DET,A. Drummond,M. Plumlee,0
202012260WAS,https://www.basketball-reference.com/boxscores/pbp/202012260WAS.html,Washington Wizards,Orlando Magic,WAS,ORL,T. Bryant,N. Vučević,T. Bryant,WAS,ORL,D. Avdija,/players/a/avdijde01.html,WAS,T. Bryant,N. Vučević,1
202012260NYK,https://www.basketball-reference.com/boxscores/pbp/202012260NYK.html,New York Knicks,Philadelphia 76ers,NYK,PHI,M. Robinson,J. Embiid,B. Simmons,PHI,NYK,S. Curry,/players/c/curryse01.html,PHI,J. Embiid,M. Robinson,1
202012260CHI,https://www.basketball-reference.com/boxscores/pbp/202012260CHI.html,Chicago Bulls,Indiana Pacers,CHI,IND,W. Carter,M. Turner,L. Markkanen,CHI,IND,C. White,/players/w/whiteco01.html,CHI,W. Carter,M. Turner,1
202012260SAS,https://www.basketball-reference.com/boxscores/pbp/202012260SAS.html,San Antonio Spurs,Toronto Raptors,SAS,TOR,L. Aldridge,A. Baynes,A. Baynes,TOR,SAS,F. VanVleet,/players/v/vanvlfr01.html,TOR,A. Baynes,L. Aldridge,1
202012260UTA,https://www.basketball-reference.com/boxscores/pbp/202012260UTA.html,Utah Jazz,Minnesota Timberwolves,UTA,MIN,R. Gobert,K. Towns,R. Gobert,UTA,MIN,D. Mitchell,/players/m/mitchdo01.html,UTA,R. Gobert,K. Towns,1
202012260POR,https://www.basketball-reference.com/boxscores/pbp/202012260POR.html,Portland Trail Blazers,Houston Rockets,POR,HOU,J. Nurkić,C. Wood,J. Harden,POR,HOU,D. Lillard,/players/l/lillada01.html,HOU,J. Nurkić,C. Wood,0
202012260SAC,https://www.basketball-reference.com/boxscores/pbp/202012260SAC.html,Sacramento Kings,Phoenix Suns,SAC,PHO,M. Bagley,D. Ayton,H. Barnes,PHO,SAC,C. Paul,/players/p/paulch01.html,SAC,D. Ayton,M. Bagley,0
202012270LAC,https://www.basketball-reference.com/boxscores/pbp/202012270LAC.html,Los Angeles Clippers,Dallas Mavericks,LAC,DAL,S. Ibaka,D. Powell,P. George,LAC,DAL,L. Kennard,/players/k/kennalu01.html,LAC,S. Ibaka,D. Powell,1
202012270NOP,https://www.basketball-reference.com/boxscores/pbp/202012270NOP.html,New Orleans Pelicans,San Antonio Spurs,NOP,SAS,S. Adams,L. Aldridge,K. Johnson,NOP,SAS,Z. Williamson,/players/w/willizi01.html,SAS,S. Adams,L. Aldridge,0
202012270WAS,https://www.basketball-reference.com/boxscores/pbp/202012270WAS.html,Washington Wizards,Orlando Magic,WAS,ORL,T. Bryant,N. Vučević,R. Neto,WAS,ORL,B. Beal,/players/b/bealbr01.html,WAS,T. Bryant,N. Vučević,1
202012270CHO,https://www.basketball-reference.com/boxscores/pbp/202012270CHO.html,Charlotte Hornets,Brooklyn Nets,CHO,BRK,B. Biyombo,D. Jordan,P. Washington,CHO,BRK,G. Hayward,/players/h/haywago01.html,CHO,B. Biyombo,D. Jordan,1
202012270CLE,https://www.basketball-reference.com/boxscores/pbp/202012270CLE.html,Cleveland Cavaliers,Philadelphia 76ers,CLE,PHI,A. Drummond,D. Howard,A. Drummond,CLE,PHI,K. Love,/players/l/loveke01.html,CLE,A. Drummond,D. Howard,1
202012270NYK,https://www.basketball-reference.com/boxscores/pbp/202012270NYK.html,New York Knicks,Milwaukee Bucks,NYK,MIL,M. Robinson,B. Lopez,G. Antetokounmpo,MIL,NYK,G. Antetokounmpo,/players/a/antetgi01.html,MIL,B. Lopez,M. Robinson,1
202012270IND,https://www.basketball-reference.com/boxscores/pbp/202012270IND.html,Indiana Pacers,Boston Celtics,IND,BOS,M. Turner,T. Thompson,T. Thompson,BOS,IND,J. Brown,/players/b/brownja02.html,BOS,T. Thompson,M. Turner,1
202012270CHI,https://www.basketball-reference.com/boxscores/pbp/202012270CHI.html,Chicago Bulls,Golden State Warriors,CHI,GSW,W. Carter,J. Wiseman,A. Wiggins,GSW,CHI,K. Oubre,/players/o/oubreke01.html,GSW,J. Wiseman,W. Carter,1
202012270SAC,https://www.basketball-reference.com/boxscores/pbp/202012270SAC.html,Sacramento Kings,Phoenix Suns,SAC,PHO,R. Holmes,D. Ayton,R. Holmes,PHO,SAC,C. Paul,/players/p/paulch01.html,SAC,D. Ayton,R. Holmes,0
202012270LAL,https://www.basketball-reference.com/boxscores/pbp/202012270LAL.html,Los Angeles Lakers,Minnesota Timberwolves,LAL,MIN,M. Gasol,N. Reid,K. Kuzma,LAL,MIN,L. James,/players/j/jamesle01.html,LAL,M. Gasol,N. Reid,1
202012280BRK,https://www.basketball-reference.com/boxscores/pbp/202012280BRK.html,Brooklyn Nets,Memphis Grizzlies,BRK,MEM,D. Jordan,J. Valančiūnas,D. Brooks,MEM,BRK,G. Allen,/players/a/allengr01.html,MEM,J. Valančiūnas,D. Jordan,1
202012280ATL,https://www.basketball-reference.com/boxscores/pbp/202012280ATL.html,Atlanta Hawks,Detroit Pistons,ATL,DET,C. Capela,M. Plumlee,J. Jackson,ATL,DET,T. Young,/players/y/youngtr01.html,DET,C. Capela,M. Plumlee,0
202012280OKC,https://www.basketball-reference.com/boxscores/pbp/202012280OKC.html,Oklahoma City Thunder,Utah Jazz,OKC,UTA,A. Horford,R. Gobert,L. Dort,OKC,UTA,G. Hill,/players/h/hillge01.html,OKC,A. Horford,R. Gobert,1
202012280DEN,https://www.basketball-reference.com/boxscores/pbp/202012280DEN.html,Denver Nuggets,Houston Rockets,DEN,HOU,N. Jokić,C. Wood,N. Jokić,DEN,HOU,J. Murray,/players/m/murraja01.html,DEN,N. Jokić,C. Wood,1
202012280LAL,https://www.basketball-reference.com/boxscores/pbp/202012280LAL.html,Los Angeles Lakers,Portland Trail Blazers,LAL,POR,A. Davis,J. Nurkić,L. James,POR,LAL,D. Jones,/players/j/jonesde02.html,LAL,J. Nurkić,A. Davis,0
202012290CLE,https://www.basketball-reference.com/boxscores/pbp/202012290CLE.html,Cleveland Cavaliers,New York Knicks,CLE,NYK,A. Drummond,M. Robinson,A. Drummond,CLE,NYK,C. Sexton,/players/s/sextoco01.html,CLE,A. Drummond,M. Robinson,1
202012290DET,https://www.basketball-reference.com/boxscores/pbp/202012290DET.html,Detroit Pistons,Golden State Warriors,DET,GSW,M. Plumlee,J. Wiseman,S. Curry,GSW,DET,J. Toscano-Anderson,/players/t/toscaju01.html,GSW,J. Wiseman,M. Plumlee,1
202012290IND,https://www.basketball-reference.com/boxscores/pbp/202012290IND.html,Indiana Pacers,Boston Celtics,IND,BOS,M. Turner,T. Thompson,T. Thompson,BOS,IND,J. Brown,/players/b/brownja02.html,BOS,T. Thompson,M. Turner,1
202012290WAS,https://www.basketball-reference.com/boxscores/pbp/202012290WAS.html,Washington Wizards,Chicago Bulls,WAS,CHI,T. Bryant,W. Carter,Z. LaVine,CHI,WAS,C. White,/players/w/whiteco01.html,CHI,W. Carter,T. Bryant,1
202012290PHI,https://www.basketball-reference.com/boxscores/pbp/202012290PHI.html,Philadelphia 76ers,Toronto Raptors,PHI,TOR,J. Embiid,A. Baynes,B. Simmons,TOR,PHI,P. Siakam,/players/s/siakapa01.html,PHI,A. Baynes,J. Embiid,0
202012290MIA,https://www.basketball-reference.com/boxscores/pbp/202012290MIA.html,Miami Heat,Milwaukee Bucks,MIA,MIL,B. Adebayo,B. Lopez,J. Holiday,MIL,MIA,G. Antetokounmpo,/players/a/antetgi01.html,MIL,B. Lopez,B. Adebayo,1
202012290OKC,https://www.basketball-reference.com/boxscores/pbp/202012290OKC.html,Oklahoma City Thunder,Orlando Magic,OKC,ORL,I. Roby,N. Vučević,N. Vučević,OKC,ORL,D. Bazley,/players/b/bazleda01.html,ORL,I. Roby,N. Vučević,0
202012290PHO,https://www.basketball-reference.com/boxscores/pbp/202012290PHO.html,Phoenix Suns,New Orleans Pelicans,PHO,NOP,D. Ayton,S. Adams,S. Adams,NOP,PHO,L. Ball,/players/b/balllo01.html,NOP,S. Adams,D. Ayton,1
202012290SAC,https://www.basketball-reference.com/boxscores/pbp/202012290SAC.html,Sacramento Kings,Denver Nuggets,SAC,DEN,R. Holmes,N. Jokić,M. Porter,SAC,DEN,D. Fox,/players/f/foxde01.html,DEN,R. Holmes,N. Jokić,0
202012290LAC,https://www.basketball-reference.com/boxscores/pbp/202012290LAC.html,Los Angeles Clippers,Minnesota Timberwolves,LAC,MIN,S. Ibaka,N. Reid,M. Beasley,LAC,MIN,L. Kennard,/players/k/kennalu01.html,MIN,S. Ibaka,N. Reid,0
202012300MIA,https://www.basketball-reference.com/boxscores/pbp/202012300MIA.html,Miami Heat,Milwaukee Bucks,MIA,MIL,B. Adebayo,B. Lopez,T. Herro,MIA,MIL,A. Bradley,/players/b/bradlav01.html,MIA,B. Adebayo,B. Lopez,1
202012300BRK,https://www.basketball-reference.com/boxscores/pbp/202012300BRK.html,Brooklyn Nets,Atlanta Hawks,BRK,ATL,D. Jordan,C. Capela,J. Harris,BRK,ATL,K. Irving,/players/i/irvinky01.html,BRK,D. Jordan,C. Capela,1
202012300BOS,https://www.basketball-reference.com/boxscores/pbp/202012300BOS.html,Boston Celtics,Memphis Grizzlies,BOS,MEM,D. Theis,J. Valančiūnas,D. Brooks,MEM,BOS,G. Allen,/players/a/allengr01.html,MEM,J. Valančiūnas,D. Theis,1
202012300DAL,https://www.basketball-reference.com/boxscores/pbp/202012300DAL.html,Dallas Mavericks,Charlotte Hornets,DAL,CHO,,,,,,,,,
202012300SAS,https://www.basketball-reference.com/boxscores/pbp/202012300SAS.html,San Antonio Spurs,Los Angeles Lakers,SAS,LAL,J. Poeltl,A. Davis,K. Johnson,SAS,LAL,L. Walker,/players/w/walkelo01.html,SAS,J. Poeltl,A. Davis,1
202012300LAC,https://www.basketball-reference.com/boxscores/pbp/202012300LAC.html,Los Angeles Clippers,Portland Trail Blazers,LAC,POR,S. Ibaka,J. Nurkić,C. McCollum,LAC,POR,P. George,/players/g/georgpa01.html,POR,S. Ibaka,J. Nurkić,0
202012310IND,https://www.basketball-reference.com/boxscores/pbp/202012310IND.html,Indiana Pacers,Cleveland Cavaliers,IND,CLE,M. Turner,A. Drummond,D. Garland,CLE,IND,C. Sexton,/players/s/sextoco01.html,CLE,A. Drummond,M. Turner,1
202012310WAS,https://www.basketball-reference.com/boxscores/pbp/202012310WAS.html,Washington Wizards,Chicago Bulls,WAS,CHI,T. Bryant,W. Carter,W. Carter,CHI,WAS,C. White,/players/w/whiteco01.html,CHI,W. Carter,T. Bryant,1
202012310ORL,https://www.basketball-reference.com/boxscores/pbp/202012310ORL.html,Orlando Magic,Philadelphia 76ers,ORL,PHI,N. Vučević,J. Embiid,B. Simmons,PHI,ORL,B. Simmons,/players/s/simmobe01.html,PHI,J. Embiid,N. Vučević,1
202012310HOU,https://www.basketball-reference.com/boxscores/pbp/202012310HOU.html,Houston Rockets,Sacramento Kings,HOU,SAC,C. Wood,R. Holmes,H. Barnes,HOU,SAC,P. Tucker,/players/t/tuckepj01.html,SAC,C. Wood,R. Holmes,0
202012310TOR,https://www.basketball-reference.com/boxscores/pbp/202012310TOR.html,Toronto Raptors,New York Knicks,TOR,NYK,A. Baynes,M. Robinson,A. Baynes,TOR,NYK,F. VanVleet,/players/v/vanvlfr01.html,TOR,A. Baynes,M. Robinson,1
202012310OKC,https://www.basketball-reference.com/boxscores/pbp/202012310OKC.html,Oklahoma City Thunder,New Orleans Pelicans,OKC,NOP,A. Horford,S. Adams,D. Bazley,NOP,OKC,L. Ball,/players/b/balllo01.html,OKC,S. Adams,A. Horford,0
202012310UTA,https://www.basketball-reference.com/boxscores/pbp/202012310UTA.html,Utah Jazz,Phoenix Suns,UTA,PHO,R. Gobert,D. Ayton,D. Mitchell,PHO,UTA,C. Paul,/players/p/paulch01.html,UTA,D. Ayton,R. Gobert,0
202101010DAL,https://www.basketball-reference.com/boxscores/pbp/202101010DAL.html,Dallas Mavericks,Miami Heat,DAL,MIA,D. Powell,B. Adebayo,D. Robinson,DAL,MIA,D. Finney-Smith,/players/f/finnedo01.html,MIA,D. Powell,B. Adebayo,0
202101010DET,https://www.basketball-reference.com/boxscores/pbp/202101010DET.html,Detroit Pistons,Boston Celtics,DET,BOS,M. Plumlee,T. Thompson,M. Plumlee,BOS,DET,J. Tatum,/players/t/tatumja01.html,DET,T. Thompson,M. Plumlee,0
202101010BRK,https://www.basketball-reference.com/boxscores/pbp/202101010BRK.html,Brooklyn Nets,Atlanta Hawks,BRK,ATL,D. Jordan,C. Capela,D. Hunter,ATL,BRK,T. Young,/players/y/youngtr01.html,ATL,C. Capela,D. Jordan,1
202101010MIL,https://www.basketball-reference.com/boxscores/pbp/202101010MIL.html,Milwaukee Bucks,Chicago Bulls,MIL,CHI,B. Lopez,W. Carter,O. Porter,MIL,CHI,J. Holiday,/players/h/holidjr01.html,CHI,B. Lopez,W. Carter,0
202101010MIN,https://www.basketball-reference.com/boxscores/pbp/202101010MIN.html,Minnesota Timberwolves,Washington Wizards,MIN,WAS,N. Reid,T. Bryant,T. Bryant,WAS,MIN,R. Neto,/players/n/netora01.html,WAS,T. Bryant,N. Reid,1
202101010SAS,https://www.basketball-reference.com/boxscores/pbp/202101010SAS.html,San Antonio Spurs,Los Angeles Lakers,SAS,LAL,J. Poeltl,A. Davis,K. Johnson,SAS,LAL,K. Johnson,/players/j/johnske04.html,SAS,J. Poeltl,A. Davis,1
202101010DEN,https://www.basketball-reference.com/boxscores/pbp/202101010DEN.html,Denver Nuggets,Phoenix Suns,DEN,PHO,N. Jokić,D. Ayton,J. Murray,PHO,DEN,C. Paul,/players/p/paulch01.html,DEN,D. Ayton,N. Jokić,0
202101010UTA,https://www.basketball-reference.com/boxscores/pbp/202101010UTA.html,Utah Jazz,Los Angeles Clippers,UTA,LAC,R. Gobert,S. Ibaka,K. Leonard,LAC,UTA,N. Batum,/players/b/batumni01.html,LAC,S. Ibaka,R. Gobert,1
202101010GSW,https://www.basketball-reference.com/boxscores/pbp/202101010GSW.html,Golden State Warriors,Portland Trail Blazers,GSW,POR,J. Wiseman,J. Nurkić,J. Wiseman,GSW,POR,A. Wiggins,/players/w/wiggian01.html,GSW,J. Wiseman,J. Nurkić,1
202101020HOU,https://www.basketball-reference.com/boxscores/pbp/202101020HOU.html,Houston Rockets,Sacramento Kings,HOU,SAC,C. Wood,R. Holmes,M. Bagley,SAC,HOU,D. Fox,/players/f/foxde01.html,SAC,R. Holmes,C. Wood,1
202101020IND,https://www.basketball-reference.com/boxscores/pbp/202101020IND.html,Indiana Pacers,New York Knicks,IND,NYK,M. Turner,M. Robinson,E. Payton,NYK,IND,E. Payton,/players/p/paytoel01.html,NYK,M. Robinson,M. Turner,1
202101020ORL,https://www.basketball-reference.com/boxscores/pbp/202101020ORL.html,Orlando Magic,Oklahoma City Thunder,ORL,OKC,N. Vučević,A. Horford,D. Bazley,OKC,ORL,G. Hill,/players/h/hillge01.html,OKC,A. Horford,N. Vučević,1
202101020PHI,https://www.basketball-reference.com/boxscores/pbp/202101020PHI.html,Philadelphia 76ers,Charlotte Hornets,PHI,CHO,J. Embiid,B. Biyombo,J. Embiid,PHI,CHO,B. Simmons,/players/s/simmobe01.html,PHI,J. Embiid,B. Biyombo,1
202101020ATL,https://www.basketball-reference.com/boxscores/pbp/202101020ATL.html,Atlanta Hawks,Cleveland Cavaliers,ATL,CLE,C. Capela,A. Drummond,A. Drummond,CLE,ATL,C. Sexton,/players/s/sextoco01.html,CLE,A. Drummond,C. Capela,1
202101020NOP,https://www.basketball-reference.com/boxscores/pbp/202101020NOP.html,New Orleans Pelicans,Toronto Raptors,NOP,TOR,S. Adams,A. Baynes,F. VanVleet,TOR,NOP,F. VanVleet,/players/v/vanvlfr01.html,TOR,A. Baynes,S. Adams,1
202101030DET,https://www.basketball-reference.com/boxscores/pbp/202101030DET.html,Detroit Pistons,Boston Celtics,DET,BOS,M. Plumlee,T. Thompson,J. Grant,DET,BOS,B. Griffin,/players/g/griffbl01.html,DET,M. Plumlee,T. Thompson,1
202101030BRK,https://www.basketball-reference.com/boxscores/pbp/202101030BRK.html,Brooklyn Nets,Washington Wizards,BRK,WAS,D. Jordan,T. Bryant,K. Irving,BRK,WAS,K. Durant,/players/d/duranke01.html,BRK,D. Jordan,T. Bryant,1
202101030MEM,https://www.basketball-reference.com/boxscores/pbp/202101030MEM.html,Memphis Grizzlies,Los Angeles Lakers,MEM,LAL,J. Valančiūnas,A. Davis,K. Anderson,MEM,LAL,T. Jones,/players/j/jonesty01.html,MEM,J. Valančiūnas,A. Davis,1
202101030MIN,https://www.basketball-reference.com/boxscores/pbp/202101030MIN.html,Minnesota Timberwolves,Denver Nuggets,MIN,DEN,E. Davis,N. Jokić,N. Jokić,DEN,MIN,N. Jokić,/players/j/jokicni01.html,DEN,N. Jokić,E. Davis,1
202101030SAS,https://www.basketball-reference.com/boxscores/pbp/202101030SAS.html,San Antonio Spurs,Utah Jazz,SAS,UTA,J. Poeltl,R. Gobert,B. Bogdanović,UTA,SAS,B. Bogdanović,/players/b/bogdabo02.html,UTA,R. Gobert,J. Poeltl,1
202101030CHI,https://www.basketball-reference.com/boxscores/pbp/202101030CHI.html,Chicago Bulls,Dallas Mavericks,CHI,DAL,W. Carter,D. Powell,Z. LaVine,DAL,CHI,J. Richardson,/players/r/richajo01.html,CHI,D. Powell,W. Carter,0
202101030PHO,https://www.basketball-reference.com/boxscores/pbp/202101030PHO.html,Phoenix Suns,Los Angeles Clippers,PHO,LAC,D. Ayton,S. Ibaka,P. Beverley,PHO,LAC,J. Crowder,/players/c/crowdja01.html,LAC,D. Ayton,S. Ibaka,0
202101030GSW,https://www.basketball-reference.com/boxscores/pbp/202101030GSW.html,Golden State Warriors,Portland Trail Blazers,GSW,POR,J. Wiseman,J. Nurkić,J. Nurkić,POR,GSW,D. Jones,/players/j/jonesde02.html,POR,J. Nurkić,J. Wiseman,1
202101040ORL,https://www.basketball-reference.com/boxscores/pbp/202101040ORL.html,Orlando Magic,Cleveland Cavaliers,ORL,CLE,N. Vučević,C. Sexton,M. Fultz,CLE,ORL,C. Sexton,/players/s/sextoco01.html,ORL,C. Sexton,N. Vučević,0
202101040PHI,https://www.basketball-reference.com/boxscores/pbp/202101040PHI.html,Philadelphia 76ers,Charlotte Hornets,PHI,CHO,J. Embiid,B. Biyombo,B. Simmons,PHI,CHO,S. Curry,/players/c/curryse01.html,PHI,J. Embiid,B. Biyombo,1
202101040ATL,https://www.basketball-reference.com/boxscores/pbp/202101040ATL.html,Atlanta Hawks,New York Knicks,ATL,NYK,C. Capela,M. Robinson,R. Barrett,NYK,ATL,E. Payton,/players/p/paytoel01.html,NYK,M. Robinson,C. Capela,1
202101040MIA,https://www.basketball-reference.com/boxscores/pbp/202101040MIA.html,Miami Heat,Oklahoma City Thunder,MIA,OKC,B. Adebayo,A. Horford,J. Butler,MIA,OKC,J. Butler,/players/b/butleji01.html,MIA,B. Adebayo,A. Horford,1
202101040TOR,https://www.basketball-reference.com/boxscores/pbp/202101040TOR.html,Toronto Raptors,Boston Celtics,TOR,BOS,A. Baynes,T. Thompson,J. Brown,BOS,TOR,J. Brown,/players/b/brownja02.html,BOS,T. Thompson,A. Baynes,1
202101040HOU,https://www.basketball-reference.com/boxscores/pbp/202101040HOU.html,Houston Rockets,Dallas Mavericks,HOU,DAL,C. Wood,W. Cauley-Stein,J. Harden,HOU,DAL,P. Tucker,/players/t/tuckepj01.html,HOU,C. Wood,W. Cauley-Stein,1
202101040MIL,https://www.basketball-reference.com/boxscores/pbp/202101040MIL.html,Milwaukee Bucks,Detroit Pistons,MIL,DET,B. Lopez,M. Plumlee,G. Antetokounmpo,MIL,DET,G. Antetokounmpo,/players/a/antetgi01.html,MIL,B. Lopez,M. Plumlee,1
202101040NOP,https://www.basketball-reference.com/boxscores/pbp/202101040NOP.html,New Orleans Pelicans,Indiana Pacers,NOP,IND,S. Adams,M. Turner,M. Turner,NOP,IND,L. Ball,/players/b/balllo01.html,IND,S. Adams,M. Turner,0
202101040GSW,https://www.basketball-reference.com/boxscores/pbp/202101040GSW.html,Golden State Warriors,Sacramento Kings,GSW,SAC,J. Wiseman,R. Holmes,J. Wiseman,SAC,GSW,D. Fox,/players/f/foxde01.html,GSW,R. Holmes,J. Wiseman,0
202101050BRK,https://www.basketball-reference.com/boxscores/pbp/202101050BRK.html,Brooklyn Nets,Utah Jazz,BRK,UTA,J. Allen,R. Gobert,K. Irving,UTA,BRK,R. O'Neale,/players/o/onealro01.html,BRK,R. Gobert,J. Allen,0
202101050MEM,https://www.basketball-reference.com/boxscores/pbp/202101050MEM.html,Memphis Grizzlies,Los Angeles Lakers,MEM,LAL,J. Valančiūnas,A. Davis,A. Davis,LAL,MEM,L. James,/players/j/jamesle01.html,LAL,A. Davis,J. Valančiūnas,1
202101050DEN,https://www.basketball-reference.com/boxscores/pbp/202101050DEN.html,Denver Nuggets,Minnesota Timberwolves,DEN,MIN,N. Jokić,E. Davis,G. Harris,MIN,DEN,J. Hernangómez,/players/h/hernaju01.html,DEN,E. Davis,N. Jokić,0
202101050LAC,https://www.basketball-reference.com/boxscores/pbp/202101050LAC.html,Los Angeles Clippers,San Antonio Spurs,LAC,SAS,S. Ibaka,L. Aldridge,K. Johnson,LAC,SAS,P. Beverley,/players/b/beverpa01.html,SAS,S. Ibaka,L. Aldridge,0
202101050POR,https://www.basketball-reference.com/boxscores/pbp/202101050POR.html,Portland Trail Blazers,Chicago Bulls,POR,CHI,J. Nurkić,W. Carter,R. Covington,POR,CHI,D. Lillard,/players/l/lillada01.html,POR,J. Nurkić,W. Carter,1
202101060IND,https://www.basketball-reference.com/boxscores/pbp/202101060IND.html,Indiana Pacers,Houston Rockets,IND,HOU,M. Turner,D. Cousins,D. Cousins,HOU,IND,P. Tucker,/players/t/tuckepj01.html,HOU,D. Cousins,M. Turner,1
202101060ORL,https://www.basketball-reference.com/boxscores/pbp/202101060ORL.html,Orlando Magic,Cleveland Cavaliers,ORL,CLE,N. Vučević,A. Drummond,M. Fultz,CLE,ORL,C. Osman,/players/o/osmande01.html,ORL,A. Drummond,N. Vučević,0
202101060PHI,https://www.basketball-reference.com/boxscores/pbp/202101060PHI.html,Philadelphia 76ers,Washington Wizards,PHI,WAS,J. Embiid,T. Bryant,B. Beal,PHI,WAS,S. Curry,/players/c/curryse01.html,WAS,J. Embiid,T. Bryant,0
202101060ATL,https://www.basketball-reference.com/boxscores/pbp/202101060ATL.html,Atlanta Hawks,Charlotte Hornets,ATL,CHO,C. Capela,B. Biyombo,G. Hayward,ATL,CHO,T. Young,/players/y/youngtr01.html,CHO,C. Capela,B. Biyombo,0
202101060MIA,https://www.basketball-reference.com/boxscores/pbp/202101060MIA.html,Miami Heat,Boston Celtics,MIA,BOS,B. Adebayo,T. Thompson,M. Smart,MIA,BOS,T. Herro,/players/h/herroty01.html,BOS,B. Adebayo,T. Thompson,0
202101060NYK,https://www.basketball-reference.com/boxscores/pbp/202101060NYK.html,New York Knicks,Utah Jazz,NYK,UTA,M. Robinson,R. Gobert,E. Payton,NYK,UTA,E. Payton,/players/p/paytoel01.html,NYK,M. Robinson,R. Gobert,1
202101060MIL,https://www.basketball-reference.com/boxscores/pbp/202101060MIL.html,Milwaukee Bucks,Detroit Pistons,MIL,DET,G. Antetokounmpo,M. Plumlee,J. Holiday,MIL,DET,G. Antetokounmpo,/players/a/antetgi01.html,MIL,G. Antetokounmpo,M. Plumlee,1
202101060NOP,https://www.basketball-reference.com/boxscores/pbp/202101060NOP.html,New Orleans Pelicans,Oklahoma City Thunder,NOP,OKC,S. Adams,A. Horford,Z. Williamson,NOP,OKC,L. Ball,/players/b/balllo01.html,NOP,S. Adams,A. Horford,1
202101060PHO,https://www.basketball-reference.com/boxscores/pbp/202101060PHO.html,Phoenix Suns,Toronto Raptors,PHO,TOR,D. Ayton,A. Baynes,P. Siakam,PHO,TOR,C. Paul,/players/p/paulch01.html,TOR,D. Ayton,A. Baynes,0
202101060GSW,https://www.basketball-reference.com/boxscores/pbp/202101060GSW.html,Golden State Warriors,Los Angeles Clippers,GSW,LAC,J. Wiseman,S. Ibaka,P. Beverley,GSW,LAC,A. Wiggins,/players/w/wiggian01.html,LAC,J. Wiseman,S. Ibaka,0
202101060SAC,https://www.basketball-reference.com/boxscores/pbp/202101060SAC.html,Sacramento Kings,Chicago Bulls,SAC,CHI,R. Holmes,W. Carter,R. Holmes,CHI,SAC,C. White,/players/w/whiteco01.html,SAC,W. Carter,R. Holmes,0
202101070BRK,https://www.basketball-reference.com/boxscores/pbp/202101070BRK.html,Brooklyn Nets,Philadelphia 76ers,BRK,PHI,J. Allen,J. Embiid,J. Allen,BRK,PHI,C. LeVert,/players/l/leverca01.html,BRK,J. Allen,J. Embiid,1
202101070MEM,https://www.basketball-reference.com/boxscores/pbp/202101070MEM.html,Memphis Grizzlies,Cleveland Cavaliers,MEM,CLE,J. Valančiūnas,A. Drummond,C. Osman,CLE,MEM,D. Dotson,/players/d/dotsoda01.html,CLE,A. Drummond,J. Valančiūnas,1
202101070DEN,https://www.basketball-reference.com/boxscores/pbp/202101070DEN.html,Denver Nuggets,Dallas Mavericks,DEN,DAL,N. Jokić,W. Cauley-Stein,W. Cauley-Stein,DAL,DEN,M. Kleber,/players/k/klebima01.html,DAL,W. Cauley-Stein,N. Jokić,1
202101070LAL,https://www.basketball-reference.com/boxscores/pbp/202101070LAL.html,Los Angeles Lakers,San Antonio Spurs,LAL,SAS,A. Davis,L. Aldridge,D. DeRozan,LAL,SAS,L. James,/players/j/jamesle01.html,SAS,A. Davis,L. Aldridge,0
202101070POR,https://www.basketball-reference.com/boxscores/pbp/202101070POR.html,Portland Trail Blazers,Minnesota Timberwolves,POR,MIN,J. Nurkić,E. Davis,D. Russell,POR,MIN,R. Covington,/players/c/covinro01.html,MIN,J. Nurkić,E. Davis,0
202101080DET,https://www.basketball-reference.com/boxscores/pbp/202101080DET.html,Detroit Pistons,Phoenix Suns,DET,PHO,M. Plumlee,D. Ayton,D. Booker,PHO,DET,C. Paul,/players/p/paulch01.html,PHO,D. Ayton,M. Plumlee,1
202101080BOS,https://www.basketball-reference.com/boxscores/pbp/202101080BOS.html,Boston Celtics,Washington Wizards,BOS,WAS,D. Theis,T. Bryant,J. Tatum,BOS,WAS,S. Ojeleye,/players/o/ojelese01.html,BOS,D. Theis,T. Bryant,1
202101080NOP,https://www.basketball-reference.com/boxscores/pbp/202101080NOP.html,New Orleans Pelicans,Charlotte Hornets,NOP,CHO,S. Adams,B. Biyombo,E. Bledsoe,NOP,CHO,L. Ball,/players/b/balllo01.html,NOP,S. Adams,B. Biyombo,1
202101080NYK,https://www.basketball-reference.com/boxscores/pbp/202101080NYK.html,New York Knicks,Oklahoma City Thunder,NYK,OKC,M. Robinson,A. Horford,E. Payton,NYK,OKC,E. Payton,/players/p/paytoel01.html,NYK,M. Robinson,A. Horford,1
202101080HOU,https://www.basketball-reference.com/boxscores/pbp/202101080HOU.html,Houston Rockets,Orlando Magic,HOU,ORL,C. Wood,N. Vučević,N. Vučević,HOU,ORL,J. Wall,/players/w/walljo01.html,ORL,C. Wood,N. Vučević,0
202101080MEM,https://www.basketball-reference.com/boxscores/pbp/202101080MEM.html,Memphis Grizzlies,Brooklyn Nets,MEM,BRK,J. Valančiūnas,J. Allen,J. Green,BRK,MEM,J. Green,/players/g/greenje02.html,BRK,J. Allen,J. Valančiūnas,1
202101080MIL,https://www.basketball-reference.com/boxscores/pbp/202101080MIL.html,Milwaukee Bucks,Utah Jazz,MIL,UTA,B. Lopez,R. Gobert,D. DiVincenzo,MIL,UTA,G. Antetokounmpo,/players/a/antetgi01.html,MIL,B. Lopez,R. Gobert,1
202101080GSW,https://www.basketball-reference.com/boxscores/pbp/202101080GSW.html,Golden State Warriors,Los Angeles Clippers,GSW,LAC,J. Wiseman,S. Ibaka,S. Ibaka,GSW,LAC,D. Green,/players/g/greendr01.html,LAC,J. Wiseman,S. Ibaka,0
202101080LAL,https://www.basketball-reference.com/boxscores/pbp/202101080LAL.html,Los Angeles Lakers,Chicago Bulls,LAL,CHI,M. Gasol,W. Carter,M. Morris,LAL,CHI,L. James,/players/j/jamesle01.html,LAL,M. Gasol,W. Carter,1
202101080SAC,https://www.basketball-reference.com/boxscores/pbp/202101080SAC.html,Sacramento Kings,Toronto Raptors,SAC,TOR,R. Holmes,A. Len,R. Holmes,SAC,TOR,D. Fox,/players/f/foxde01.html,SAC,R. Holmes,A. Len,1
202101090PHI,https://www.basketball-reference.com/boxscores/pbp/202101090PHI.html,Philadelphia 76ers,Denver Nuggets,PHI,DEN,,,,,,,,,
202101090CHO,https://www.basketball-reference.com/boxscores/pbp/202101090CHO.html,Charlotte Hornets,Atlanta Hawks,CHO,ATL,B. Biyombo,C. Capela,B. Bogdanović,CHO,ATL,P. Washington,/players/w/washipj01.html,ATL,B. Biyombo,C. Capela,0
202101090IND,https://www.basketball-reference.com/boxscores/pbp/202101090IND.html,Indiana Pacers,Phoenix Suns,IND,PHO,M. Turner,D. Ayton,M. Bridges,IND,PHO,D. Sabonis,/players/s/sabondo01.html,PHO,M. Turner,D. Ayton,0
202101090WAS,https://www.basketball-reference.com/boxscores/pbp/202101090WAS.html,Washington Wizards,Miami Heat,WAS,MIA,T. Bryant,B. Adebayo,T. Herro,MIA,WAS,J. Butler,/players/b/butleji01.html,MIA,B. Adebayo,T. Bryant,1
202101090MIL,https://www.basketball-reference.com/boxscores/pbp/202101090MIL.html,Milwaukee Bucks,Cleveland Cavaliers,MIL,CLE,B. Lopez,A. Drummond,J. Holiday,MIL,CLE,B. Portis,/players/p/portibo01.html,MIL,B. Lopez,A. Drummond,1
202101090MIN,https://www.basketball-reference.com/boxscores/pbp/202101090MIN.html,Minnesota Timberwolves,San Antonio Spurs,MIN,SAS,K. Towns,L. Aldridge,K. Johnson,MIN,SAS,J. Hernangómez,/players/h/hernaju01.html,SAS,K. Towns,L. Aldridge,0
202101090DAL,https://www.basketball-reference.com/boxscores/pbp/202101090DAL.html,Dallas Mavericks,Orlando Magic,DAL,ORL,W. Cauley-Stein,N. Vučević,N. Vučević,ORL,DAL,C. Anthony,/players/a/anthoco01.html,ORL,N. Vučević,W. Cauley-Stein,1
202101090SAC,https://www.basketball-reference.com/boxscores/pbp/202101090SAC.html,Sacramento Kings,Portland Trail Blazers,SAC,POR,M. Bagley,J. Nurkić,C. McCollum,SAC,POR,D. Fox,/players/f/foxde01.html,POR,M. Bagley,J. Nurkić,0
202101100DET,https://www.basketball-reference.com/boxscores/pbp/202101100DET.html,Detroit Pistons,Utah Jazz,DET,UTA,M. Plumlee,R. Gobert,D. Mitchell,DET,UTA,B. Griffin,/players/g/griffbl01.html,UTA,M. Plumlee,R. Gobert,0
202101100LAC,https://www.basketball-reference.com/boxscores/pbp/202101100LAC.html,Los Angeles Clippers,Chicago Bulls,LAC,CHI,S. Ibaka,W. Carter,S. Ibaka,LAC,CHI,N. Batum,/players/b/batumni01.html,LAC,S. Ibaka,W. Carter,1
202101100BRK,https://www.basketball-reference.com/boxscores/pbp/202101100BRK.html,Brooklyn Nets,Oklahoma City Thunder,BRK,OKC,J. Allen,A. Horford,J. Harris,OKC,BRK,G. Hill,/players/h/hillge01.html,BRK,A. Horford,J. Allen,0
202101100NYK,https://www.basketball-reference.com/boxscores/pbp/202101100NYK.html,New York Knicks,Denver Nuggets,NYK,DEN,M. Robinson,N. Jokić,J. Randle,DEN,NYK,P. Millsap,/players/m/millspa01.html,NYK,N. Jokić,M. Robinson,0
202101100HOU,https://www.basketball-reference.com/boxscores/pbp/202101100HOU.html,Houston Rockets,Los Angeles Lakers,HOU,LAL,C. Wood,A. Davis,L. James,HOU,LAL,J. Wall,/players/w/walljo01.html,LAL,C. Wood,A. Davis,0
202101100MIN,https://www.basketball-reference.com/boxscores/pbp/202101100MIN.html,Minnesota Timberwolves,San Antonio Spurs,MIN,SAS,E. Davis,L. Aldridge,E. Davis,SAS,MIN,T. Lyles,/players/l/lylestr01.html,MIN,L. Aldridge,E. Davis,0
202101100GSW,https://www.basketball-reference.com/boxscores/pbp/202101100GSW.html,Golden State Warriors,Toronto Raptors,GSW,TOR,J. Wiseman,O. Anunoby,J. Wiseman,GSW,TOR,D. Green,/players/g/greendr01.html,GSW,J. Wiseman,O. Anunoby,1
202101110CHO,https://www.basketball-reference.com/boxscores/pbp/202101110CHO.html,Charlotte Hornets,New York Knicks,CHO,NYK,B. Biyombo,M. Robinson,P. Washington,CHO,NYK,D. Graham,/players/g/grahade01.html,CHO,B. Biyombo,M. Robinson,1
202101110CLE,https://www.basketball-reference.com/boxscores/pbp/202101110CLE.html,Cleveland Cavaliers,Memphis Grizzlies,CLE,MEM,A. Drummond,J. Valančiūnas,I. Okoro,CLE,MEM,C. Osman,/players/o/osmande01.html,CLE,A. Drummond,J. Valančiūnas,1
202101110ORL,https://www.basketball-reference.com/boxscores/pbp/202101110ORL.html,Orlando Magic,Milwaukee Bucks,ORL,MIL,N. Vučević,B. Lopez,J. Holiday,MIL,ORL,G. Antetokounmpo,/players/a/antetgi01.html,MIL,B. Lopez,N. Vučević,1
202101110WAS,https://www.basketball-reference.com/boxscores/pbp/202101110WAS.html,Washington Wizards,Phoenix Suns,WAS,PHO,R. Lopez,D. Ayton,R. Neto,WAS,PHO,B. Beal,/players/b/bealbr01.html,WAS,R. Lopez,D. Ayton,1
202101110ATL,https://www.basketball-reference.com/boxscores/pbp/202101110ATL.html,Atlanta Hawks,Philadelphia 76ers,ATL,PHI,C. Capela,J. Embiid,J. Embiid,ATL,PHI,C. Reddish,/players/r/reddica01.html,PHI,C. Capela,J. Embiid,0
202101110POR,https://www.basketball-reference.com/boxscores/pbp/202101110POR.html,Portland Trail Blazers,Toronto Raptors,POR,TOR,J. Nurkić,A. Len,K. Lowry,POR,TOR,D. Lillard,/players/l/lillada01.html,TOR,J. Nurkić,A. Len,0
202101110SAC,https://www.basketball-reference.com/boxscores/pbp/202101110SAC.html,Sacramento Kings,Indiana Pacers,SAC,IND,R. Holmes,M. Turner,V. Oladipo,SAC,IND,D. Fox,/players/f/foxde01.html,IND,R. Holmes,M. Turner,0
202101120PHI,https://www.basketball-reference.com/boxscores/pbp/202101120PHI.html,Philadelphia 76ers,Miami Heat,PHI,MIA,J. Embiid,P. Achiuwa,D. Green,PHI,MIA,M. Scott,/players/s/scottmi01.html,PHI,J. Embiid,P. Achiuwa,1
202101120BRK,https://www.basketball-reference.com/boxscores/pbp/202101120BRK.html,Brooklyn Nets,Denver Nuggets,BRK,DEN,J. Allen,N. Jokić,N. Jokić,BRK,DEN,J. Green,/players/g/greenje02.html,DEN,J. Allen,N. Jokić,0
202101120CLE,https://www.basketball-reference.com/boxscores/pbp/202101120CLE.html,Cleveland Cavaliers,Utah Jazz,CLE,UTA,J. McGee,R. Gobert,C. Osman,CLE,UTA,C. Osman,/players/o/osmande01.html,CLE,J. McGee,R. Gobert,1
202101120HOU,https://www.basketball-reference.com/boxscores/pbp/202101120HOU.html,Houston Rockets,Los Angeles Lakers,HOU,LAL,C. Wood,A. Davis,M. Gasol,HOU,LAL,J. Wall,/players/w/walljo01.html,LAL,C. Wood,A. Davis,0
202101120OKC,https://www.basketball-reference.com/boxscores/pbp/202101120OKC.html,Oklahoma City Thunder,San Antonio Spurs,OKC,SAS,A. Horford,L. Aldridge,L. Dort,OKC,SAS,G. Hill,/players/h/hillge01.html,OKC,A. Horford,L. Aldridge,1
202101120GSW,https://www.basketball-reference.com/boxscores/pbp/202101120GSW.html,Golden State Warriors,Indiana Pacers,GSW,IND,J. Wiseman,M. Turner,M. Turner,GSW,IND,D. Green,/players/g/greendr01.html,IND,J. Wiseman,M. Turner,0
202101130CHO,https://www.basketball-reference.com/boxscores/pbp/202101130CHO.html,Charlotte Hornets,Dallas Mavericks,CHO,DAL,B. Biyombo,K. Porziņģis,L. Dončić,DAL,CHO,W. Cauley-Stein,/players/c/caulewi01.html,DAL,K. Porziņģis,B. Biyombo,1
202101130DET,https://www.basketball-reference.com/boxscores/pbp/202101130DET.html,Detroit Pistons,Milwaukee Bucks,DET,MIL,M. Plumlee,B. Lopez,B. Lopez,MIL,DET,B. Lopez,/players/l/lopezbr01.html,MIL,B. Lopez,M. Plumlee,1
202101130NYK,https://www.basketball-reference.com/boxscores/pbp/202101130NYK.html,New York Knicks,Brooklyn Nets,NYK,BRK,M. Robinson,D. Jordan,K. Durant,BRK,NYK,J. Harris,/players/h/harrijo01.html,BRK,D. Jordan,M. Robinson,1
202101130MIN,https://www.basketball-reference.com/boxscores/pbp/202101130MIN.html,Minnesota Timberwolves,Memphis Grizzlies,MIN,MEM,K. Towns,J. Valančiūnas,J. Valančiūnas,MEM,MIN,D. Brooks,/players/b/brookdi01.html,MEM,J. Valančiūnas,K. Towns,1
202101130OKC,https://www.basketball-reference.com/boxscores/pbp/202101130OKC.html,Oklahoma City Thunder,Los Angeles Lakers,OKC,LAL,I. Roby,A. Davis,K. Caldwell-Pope,LAL,OKC,L. James,/players/j/jamesle01.html,LAL,A. Davis,I. Roby,1
202101130LAC,https://www.basketball-reference.com/boxscores/pbp/202101130LAC.html,Los Angeles Clippers,New Orleans Pelicans,LAC,NOP,S. Ibaka,S. Adams,B. Ingram,NOP,LAC,N. Alexander-Walker,/players/a/alexani01.html,NOP,S. Adams,S. Ibaka,1
202101130SAC,https://www.basketball-reference.com/boxscores/pbp/202101130SAC.html,Sacramento Kings,Portland Trail Blazers,SAC,POR,R. Holmes,J. Nurkić,J. Nurkić,POR,SAC,D. Lillard,/players/l/lillada01.html,POR,J. Nurkić,R. Holmes,1
202101140PHI,https://www.basketball-reference.com/boxscores/pbp/202101140PHI.html,Philadelphia 76ers,Miami Heat,PHI,MIA,J. Embiid,P. Achiuwa,G. Vincent,PHI,MIA,B. Simmons,/players/s/simmobe01.html,MIA,J. Embiid,P. Achiuwa,0
202101140SAS,https://www.basketball-reference.com/boxscores/pbp/202101140SAS.html,San Antonio Spurs,Houston Rockets,SAS,HOU,L. Aldridge,C. Wood,D. Murray,HOU,SAS,S. Brown,/players/b/brownst02.html,SAS,C. Wood,L. Aldridge,0
202101140TOR,https://www.basketball-reference.com/boxscores/pbp/202101140TOR.html,Toronto Raptors,Charlotte Hornets,TOR,CHO,A. Baynes,B. Biyombo,O. Anunoby,CHO,TOR,P. Washington,/players/w/washipj01.html,TOR,B. Biyombo,A. Baynes,0
202101140DEN,https://www.basketball-reference.com/boxscores/pbp/202101140DEN.html,Denver Nuggets,Golden State Warriors,DEN,GSW,B. Bol,J. Wiseman,S. Curry,GSW,DEN,D. Green,/players/g/greendr01.html,GSW,J. Wiseman,B. Bol,1
202101140POR,https://www.basketball-reference.com/boxscores/pbp/202101140POR.html,Portland Trail Blazers,Indiana Pacers,POR,IND,J. Nurkić,M. Turner,M. Brogdon,POR,IND,D. Jones,/players/j/jonesde02.html,IND,J. Nurkić,M. Turner,0
202101150BOS,https://www.basketball-reference.com/boxscores/pbp/202101150BOS.html,Boston Celtics,Orlando Magic,BOS,ORL,T. Thompson,N. Vučević,J. Teague,BOS,ORL,G. Williams,/players/w/willigr01.html,BOS,T. Thompson,N. Vučević,1
202101150CLE,https://www.basketball-reference.com/boxscores/pbp/202101150CLE.html,Cleveland Cavaliers,New York Knicks,CLE,NYK,A. Drummond,M. Robinson,D. Dotson,CLE,NYK,D. Dotson,/players/d/dotsoda01.html,CLE,A. Drummond,M. Robinson,1
202101150MIL,https://www.basketball-reference.com/boxscores/pbp/202101150MIL.html,Milwaukee Bucks,Dallas Mavericks,MIL,DAL,B. Lopez,K. Porziņģis,T. Hardaway,MIL,DAL,G. Antetokounmpo,/players/a/antetgi01.html,DAL,B. Lopez,K. Porziņģis,0
202101150OKC,https://www.basketball-reference.com/boxscores/pbp/202101150OKC.html,Oklahoma City Thunder,Chicago Bulls,OKC,CHI,I. Roby,W. Carter,Z. LaVine,OKC,CHI,S. Gilgeous-Alexander,/players/g/gilgesh01.html,CHI,I. Roby,W. Carter,0
202101150UTA,https://www.basketball-reference.com/boxscores/pbp/202101150UTA.html,Utah Jazz,Atlanta Hawks,UTA,ATL,R. Gobert,C. Capela,M. Conley,UTA,ATL,R. O'Neale,/players/o/onealro01.html,UTA,R. Gobert,C. Capela,1
202101150LAL,https://www.basketball-reference.com/boxscores/pbp/202101150LAL.html,Los Angeles Lakers,New Orleans Pelicans,LAL,NOP,A. Davis,S. Adams,N. Alexander-Walker,NOP,LAL,B. Ingram,/players/i/ingrabr01.html,NOP,S. Adams,A. Davis,1
202101150SAC,https://www.basketball-reference.com/boxscores/pbp/202101150SAC.html,Sacramento Kings,Los Angeles Clippers,SAC,LAC,R. Holmes,S. Ibaka,H. Barnes,SAC,LAC,D. Fox,/players/f/foxde01.html,SAC,R. Holmes,S. Ibaka,1
202101160SAS,https://www.basketball-reference.com/boxscores/pbp/202101160SAS.html,San Antonio Spurs,Houston Rockets,SAS,HOU,L. Aldridge,C. Wood,L. Aldridge,HOU,SAS,C. Wood,/players/w/woodch01.html,SAS,C. Wood,L. Aldridge,0
202101160BRK,https://www.basketball-reference.com/boxscores/pbp/202101160BRK.html,Brooklyn Nets,Orlando Magic,BRK,ORL,D. Jordan,N. Vučević,J. Harris,BRK,ORL,J. Green,/players/g/greenje02.html,BRK,D. Jordan,N. Vučević,1
202101160TOR,https://www.basketball-reference.com/boxscores/pbp/202101160TOR.html,Toronto Raptors,Charlotte Hornets,TOR,CHO,A. Baynes,B. Biyombo,D. Graham,CHO,TOR,P. Washington,/players/w/washipj01.html,CHO,B. Biyombo,A. Baynes,1
202101160MEM,https://www.basketball-reference.com/boxscores/pbp/202101160MEM.html,Memphis Grizzlies,Philadelphia 76ers,MEM,PHI,J. Valančiūnas,D. Howard,T. Maxey,PHI,MEM,B. Simmons,/players/s/simmobe01.html,PHI,D. Howard,J. Valančiūnas,1
202101160MIA,https://www.basketball-reference.com/boxscores/pbp/202101160MIA.html,Miami Heat,Detroit Pistons,MIA,DET,B. Adebayo,M. Plumlee,B. Adebayo,MIA,DET,G. Vincent,/players/v/vincega01.html,MIA,B. Adebayo,M. Plumlee,1
202101160POR,https://www.basketball-reference.com/boxscores/pbp/202101160POR.html,Portland Trail Blazers,Atlanta Hawks,POR,ATL,E. Kanter,C. Capela,E. Kanter,POR,ATL,D. Jones,/players/j/jonesde02.html,POR,E. Kanter,C. Capela,1
202101170BOS,https://www.basketball-reference.com/boxscores/pbp/202101170BOS.html,Boston Celtics,New York Knicks,BOS,NYK,T. Thompson,M. Robinson,M. Robinson,BOS,NYK,G. Williams,/players/w/willigr01.html,NYK,T. Thompson,M. Robinson,0
202101170DAL,https://www.basketball-reference.com/boxscores/pbp/202101170DAL.html,Dallas Mavericks,Chicago Bulls,DAL,CHI,K. Porziņģis,W. Carter,W. Cauley-Stein,DAL,CHI,W. Iwundu,/players/i/iwundwe01.html,DAL,K. Porziņģis,W. Carter,1
202101170DEN,https://www.basketball-reference.com/boxscores/pbp/202101170DEN.html,Denver Nuggets,Utah Jazz,DEN,UTA,N. Jokić,R. Gobert,D. Mitchell,UTA,DEN,D. Mitchell,/players/m/mitchdo01.html,UTA,R. Gobert,N. Jokić,1
202101170SAC,https://www.basketball-reference.com/boxscores/pbp/202101170SAC.html,Sacramento Kings,New Orleans Pelicans,SAC,NOP,R. Holmes,S. Adams,D. Fox,SAC,NOP,D. Fox,/players/f/foxde01.html,SAC,R. Holmes,S. Adams,1
202101170LAC,https://www.basketball-reference.com/boxscores/pbp/202101170LAC.html,Los Angeles Clippers,Indiana Pacers,LAC,IND,I. Zubac,D. Sabonis,D. McDermott,IND,LAC,J. Holiday,/players/h/holidju01.html,IND,D. Sabonis,I. Zubac,1
202101180NYK,https://www.basketball-reference.com/boxscores/pbp/202101180NYK.html,New York Knicks,Orlando Magic,NYK,ORL,M. Robinson,N. Vučević,E. Payton,NYK,ORL,E. Payton,/players/p/paytoel01.html,NYK,M. Robinson,N. Vučević,1
202101180ATL,https://www.basketball-reference.com/boxscores/pbp/202101180ATL.html,Atlanta Hawks,Minnesota Timberwolves,ATL,MIN,C. Capela,N. Reid,N. Reid,ATL,MIN,T. Young,/players/y/youngtr01.html,MIN,C. Capela,N. Reid,0
202101180POR,https://www.basketball-reference.com/boxscores/pbp/202101180POR.html,Portland Trail Blazers,San Antonio Spurs,POR,SAS,E. Kanter,K. Johnson,L. Aldridge,SAS,POR,L. Aldridge,/players/a/aldrila01.html,SAS,K. Johnson,E. Kanter,1
202101180MEM,https://www.basketball-reference.com/boxscores/pbp/202101180MEM.html,Memphis Grizzlies,Phoenix Suns,MEM,PHO,B. Clarke,D. Ayton,D. Booker,PHO,MEM,C. Paul,/players/p/paulch01.html,PHO,D. Ayton,B. Clarke,1
202101180BRK,https://www.basketball-reference.com/boxscores/pbp/202101180BRK.html,Brooklyn Nets,Milwaukee Bucks,BRK,MIL,D. Jordan,B. Lopez,J. Harden,MIL,BRK,G. Antetokounmpo,/players/a/antetgi01.html,BRK,B. Lopez,D. Jordan,0
202101180TOR,https://www.basketball-reference.com/boxscores/pbp/202101180TOR.html,Toronto Raptors,Dallas Mavericks,TOR,DAL,A. Baynes,W. Cauley-Stein,K. Porziņģis,TOR,DAL,F. VanVleet,/players/v/vanvlfr01.html,DAL,A. Baynes,W. Cauley-Stein,0
202101180CHI,https://www.basketball-reference.com/boxscores/pbp/202101180CHI.html,Chicago Bulls,Houston Rockets,CHI,HOU,W. Carter,C. Wood,G. Temple,CHI,HOU,G. Temple,/players/t/templga01.html,CHI,W. Carter,C. Wood,1
202101180MIA,https://www.basketball-reference.com/boxscores/pbp/202101180MIA.html,Miami Heat,Detroit Pistons,MIA,DET,B. Adebayo,M. Plumlee,B. Adebayo,MIA,DET,G. Dragić,/players/d/dragigo01.html,MIA,B. Adebayo,M. Plumlee,1
202101180LAL,https://www.basketball-reference.com/boxscores/pbp/202101180LAL.html,Los Angeles Lakers,Golden State Warriors,LAL,GSW,A. Davis,J. Wiseman,D. Schröder,LAL,GSW,L. James,/players/j/jamesle01.html,LAL,A. Davis,J. Wiseman,1
202101190DEN,https://www.basketball-reference.com/boxscores/pbp/202101190DEN.html,Denver Nuggets,Oklahoma City Thunder,DEN,OKC,N. Jokić,I. Roby,J. Murray,DEN,OKC,P. Millsap,/players/m/millspa01.html,DEN,N. Jokić,I. Roby,1
202101190UTA,https://www.basketball-reference.com/boxscores/pbp/202101190UTA.html,Utah Jazz,New Orleans Pelicans,UTA,NOP,R. Gobert,S. Adams,D. Mitchell,NOP,UTA,L. Ball,/players/b/balllo01.html,UTA,S. Adams,R. Gobert,0
202101200CLE,https://www.basketball-reference.com/boxscores/pbp/202101200CLE.html,Cleveland Cavaliers,Brooklyn Nets,CLE,BRK,A. Drummond,D. Jordan,A. Drummond,CLE,BRK,C. Osman,/players/o/osmande01.html,CLE,A. Drummond,D. Jordan,1
202101200IND,https://www.basketball-reference.com/boxscores/pbp/202101200IND.html,Indiana Pacers,Dallas Mavericks,IND,DAL,D. Sabonis,K. Porziņģis,L. Dončić,IND,DAL,E. Sumner,/players/s/sumneed01.html,DAL,D. Sabonis,K. Porziņģis,0
202101200PHI,https://www.basketball-reference.com/boxscores/pbp/202101200PHI.html,Philadelphia 76ers,Boston Celtics,PHI,BOS,J. Embiid,T. Thompson,K. Walker,PHI,BOS,T. Harris,/players/h/harrito02.html,BOS,J. Embiid,T. Thompson,0
202101200ATL,https://www.basketball-reference.com/boxscores/pbp/202101200ATL.html,Atlanta Hawks,Detroit Pistons,ATL,DET,C. Capela,M. Plumlee,C. Capela,ATL,DET,T. Young,/players/y/youngtr01.html,ATL,C. Capela,M. Plumlee,1
202101200TOR,https://www.basketball-reference.com/boxscores/pbp/202101200TOR.html,Toronto Raptors,Miami Heat,TOR,MIA,A. Baynes,B. Adebayo,K. Lowry,MIA,TOR,G. Dragić,/players/d/dragigo01.html,TOR,B. Adebayo,A. Baynes,0
202101200MIN,https://www.basketball-reference.com/boxscores/pbp/202101200MIN.html,Minnesota Timberwolves,Orlando Magic,MIN,ORL,N. Reid,N. Vučević,N. Vučević,ORL,MIN,A. Gordon,/players/g/gordoaa01.html,ORL,N. Vučević,N. Reid,1
202101200HOU,https://www.basketball-reference.com/boxscores/pbp/202101200HOU.html,Houston Rockets,Phoenix Suns,HOU,PHO,C. Wood,D. Ayton,E. Gordon,HOU,PHO,V. Oladipo,/players/o/oladivi01.html,HOU,C. Wood,D. Ayton,1
202101200GSW,https://www.basketball-reference.com/boxscores/pbp/202101200GSW.html,Golden State Warriors,San Antonio Spurs,GSW,SAS,J. Wiseman,L. Aldridge,J. Wiseman,SAS,GSW,D. Murray,/players/m/murrade01.html,GSW,L. Aldridge,J. Wiseman,0
202101200LAC,https://www.basketball-reference.com/boxscores/pbp/202101200LAC.html,Los Angeles Clippers,Sacramento Kings,LAC,SAC,S. Ibaka,R. Holmes,P. George,LAC,SAC,N. Batum,/players/b/batumni01.html,LAC,S. Ibaka,R. Holmes,1
202101210MIL,https://www.basketball-reference.com/boxscores/pbp/202101210MIL.html,Milwaukee Bucks,Los Angeles Lakers,MIL,LAL,B. Lopez,A. Davis,G. Antetokounmpo,MIL,LAL,G. Antetokounmpo,/players/a/antetgi01.html,MIL,B. Lopez,A. Davis,1
202101210GSW,https://www.basketball-reference.com/boxscores/pbp/202101210GSW.html,Golden State Warriors,New York Knicks,GSW,NYK,J. Wiseman,M. Robinson,R. Barrett,GSW,NYK,D. Green,/players/g/greendr01.html,NYK,J. Wiseman,M. Robinson,0
202101210UTA,https://www.basketball-reference.com/boxscores/pbp/202101210UTA.html,Utah Jazz,New Orleans Pelicans,UTA,NOP,R. Gobert,S. Adams,D. Mitchell,UTA,NOP,R. O'Neale,/players/o/onealro01.html,UTA,R. Gobert,S. Adams,1
202101220CHO,https://www.basketball-reference.com/boxscores/pbp/202101220CHO.html,Charlotte Hornets,Chicago Bulls,CHO,CHI,B. Biyombo,D. Gafford,P. Washington,CHO,CHI,D. Graham,/players/g/grahade01.html,CHO,B. Biyombo,D. Gafford,1
202101220DET,https://www.basketball-reference.com/boxscores/pbp/202101220DET.html,Detroit Pistons,Houston Rockets,DET,HOU,M. Plumlee,D. Cousins,D. Cousins,HOU,DET,P. Tucker,/players/t/tuckepj01.html,HOU,D. Cousins,M. Plumlee,1
202101220IND,https://www.basketball-reference.com/boxscores/pbp/202101220IND.html,Indiana Pacers,Orlando Magic,IND,ORL,M. Turner,N. Vučević,A. Gordon,IND,ORL,J. Holiday,/players/h/holidju01.html,ORL,M. Turner,N. Vučević,0
202101220CLE,https://www.basketball-reference.com/boxscores/pbp/202101220CLE.html,Cleveland Cavaliers,Brooklyn Nets,CLE,BRK,A. Drummond,D. Jordan,K. Irving,BRK,CLE,K. Irving,/players/i/irvinky01.html,BRK,D. Jordan,A. Drummond,1
202101220PHI,https://www.basketball-reference.com/boxscores/pbp/202101220PHI.html,Philadelphia 76ers,Boston Celtics,PHI,BOS,J. Embiid,T. Thompson,J. Embiid,PHI,BOS,T. Harris,/players/h/harrito02.html,PHI,J. Embiid,T. Thompson,1
202101220TOR,https://www.basketball-reference.com/boxscores/pbp/202101220TOR.html,Toronto Raptors,Miami Heat,TOR,MIA,A. Baynes,B. Adebayo,P. Siakam,TOR,MIA,P. Siakam,/players/s/siakapa01.html,TOR,A. Baynes,B. Adebayo,1
202101220MIN,https://www.basketball-reference.com/boxscores/pbp/202101220MIN.html,Minnesota Timberwolves,Atlanta Hawks,MIN,ATL,N. Reid,C. Capela,D. Hunter,MIN,ATL,D. Russell,/players/r/russeda01.html,ATL,N. Reid,C. Capela,0
202101220SAS,https://www.basketball-reference.com/boxscores/pbp/202101220SAS.html,San Antonio Spurs,Dallas Mavericks,SAS,DAL,L. Aldridge,K. Porziņģis,K. Porziņģis,DAL,SAS,L. Dončić,/players/d/doncilu01.html,DAL,K. Porziņģis,L. Aldridge,1
202101220LAC,https://www.basketball-reference.com/boxscores/pbp/202101220LAC.html,Los Angeles Clippers,Oklahoma City Thunder,LAC,OKC,S. Ibaka,I. Roby,G. Hill,OKC,LAC,S. Gilgeous-Alexander,/players/g/gilgesh01.html,OKC,I. Roby,S. Ibaka,1
202101220PHO,https://www.basketball-reference.com/boxscores/pbp/202101220PHO.html,Phoenix Suns,Denver Nuggets,PHO,DEN,D. Ayton,N. Jokić,N. Jokić,PHO,DEN,C. Paul,/players/p/paulch01.html,DEN,D. Ayton,N. Jokić,0
202101220SAC,https://www.basketball-reference.com/boxscores/pbp/202101220SAC.html,Sacramento Kings,New York Knicks,SAC,NYK,R. Holmes,M. Robinson,D. Fox,SAC,NYK,D. Fox,/players/f/foxde01.html,SAC,R. Holmes,M. Robinson,1
202101230BRK,https://www.basketball-reference.com/boxscores/pbp/202101230BRK.html,Brooklyn Nets,Miami Heat,BRK,MIA,,,,,,,,,
202101230DET,https://www.basketball-reference.com/boxscores/pbp/202101230DET.html,Detroit Pistons,Philadelphia 76ers,DET,PHI,M. Plumlee,J. Embiid,J. Embiid,PHI,DET,S. Curry,/players/c/curryse01.html,PHI,J. Embiid,M. Plumlee,1
202101230MIN,https://www.basketball-reference.com/boxscores/pbp/202101230MIN.html,Minnesota Timberwolves,New Orleans Pelicans,MIN,NOP,N. Reid,S. Adams,M. Beasley,MIN,NOP,M. Beasley,/players/b/beaslma01.html,MIN,N. Reid,S. Adams,1
202101230CHI,https://www.basketball-reference.com/boxscores/pbp/202101230CHI.html,Chicago Bulls,Los Angeles Lakers,CHI,LAL,D. Gafford,A. Davis,A. Davis,LAL,CHI,D. Schröder,/players/s/schrode01.html,LAL,A. Davis,D. Gafford,1
202101230DAL,https://www.basketball-reference.com/boxscores/pbp/202101230DAL.html,Dallas Mavericks,Houston Rockets,DAL,HOU,W. Cauley-Stein,D. Cousins,D. Cousins,HOU,DAL,P. Tucker,/players/t/tuckepj01.html,HOU,D. Cousins,W. Cauley-Stein,1
202101230PHO,https://www.basketball-reference.com/boxscores/pbp/202101230PHO.html,Phoenix Suns,Denver Nuggets,PHO,DEN,D. Ayton,N. Jokić,D. Ayton,DEN,PHO,P. Millsap,/players/m/millspa01.html,PHO,N. Jokić,D. Ayton,0
202101230UTA,https://www.basketball-reference.com/boxscores/pbp/202101230UTA.html,Utah Jazz,Golden State Warriors,UTA,GSW,R. Gobert,J. Wiseman,R. O'Neale,UTA,GSW,R. O'Neale,/players/o/onealro01.html,UTA,R. Gobert,J. Wiseman,1
